image_id,prompt_id,seed,prompt,negative_prompt,base_model,lora_checkpoint,lora_multiplier,width,height,steps,cfg,sampler,precision,output_file
A1_seed42,A1,42,"chinesetradscreen, traditional Chinese folding screen, multi-panel screen, complete screen, wooden frame, overall frontal view, continuous composition, elegant traditional decorative design","cropped, close-up, incomplete screen, deformed structure, broken frame, duplicated structure, text, watermark, blurry, low quality",D:\AI\models\sd15\v1-5-pruned-emaonly.safetensors,D:\AI\experiments\chinesetradscreen_sd15_lora_v1\models\chinesetradscreen_sd15_lora_v1-000009.safetensors,0.9,512,512,30,7.0,euler_a,fp16,images/A1/A1_seed42.png
A1_seed1234,A1,1234,"chinesetradscreen, traditional Chinese folding screen, multi-panel screen, complete screen, wooden frame, overall frontal view, continuous composition, elegant traditional decorative design","cropped, close-up, incomplete screen, deformed structure, broken frame, duplicated structure, text, watermark, blurry, low quality",D:\AI\models\sd15\v1-5-pruned-emaonly.safetensors,D:\AI\experiments\chinesetradscreen_sd15_lora_v1\models\chinesetradscreen_sd15_lora_v1-000009.safetensors,0.9,512,512,30,7.0,euler_a,fp16,images/A1/A1_seed1234.png
A1_seed2026,A1,2026,"chinesetradscreen, traditional Chinese folding screen, multi-panel screen, complete screen, wooden frame, overall frontal view, continuous composition, elegant traditional decorative design","cropped, close-up, incomplete screen, deformed structure, broken frame, duplicated structure, text, watermark, blurry, low quality",D:\AI\models\sd15\v1-5-pruned-emaonly.safetensors,D:\AI\experiments\chinesetradscreen_sd15_lora_v1\models\chinesetradscreen_sd15_lora_v1-000009.safetensors,0.9,512,512,30,7.0,euler_a,fp16,images/A1/A1_seed2026.png
A1_seed7,A1,7,"chinesetradscreen, traditional Chinese folding screen, multi-panel screen, complete screen, wooden frame, overall frontal view, continuous composition, elegant traditional decorative design","cropped, close-up, incomplete screen, deformed structure, broken frame, duplicated structure, text, watermark, blurry, low quality",D:\AI\models\sd15\v1-5-pruned-emaonly.safetensors,D:\AI\experiments\chinesetradscreen_sd15_lora_v1\models\chinesetradscreen_sd15_lora_v1-000009.safetensors,0.9,512,512,30,7.0,euler_a,fp16,images/A1/A1_seed7.png
A1_seed77,A1,77,"chinesetradscreen, traditional Chinese folding screen, multi-panel screen, complete screen, wooden frame, overall frontal view, continuous composition, elegant traditional decorative design","cropped, close-up, incomplete screen, deformed structure, broken frame, duplicated structure, text, watermark, blurry, low quality",D:\AI\models\sd15\v1-5-pruned-emaonly.safetensors,D:\AI\experiments\chinesetradscreen_sd15_lora_v1\models\chinesetradscreen_sd15_lora_v1-000009.safetensors,0.9,512,512,30,7.0,euler_a,fp16,images/A1/A1_seed77.png
A1_seed314,A1,314,"chinesetradscreen, traditional Chinese folding screen, multi-panel screen, complete screen, wooden frame, overall frontal view, continuous composition, elegant traditional decorative design","cropped, close-up, incomplete screen, deformed structure, broken frame, duplicated structure, text, watermark, blurry, low quality",D:\AI\models\sd15\v1-5-pruned-emaonly.safetensors,D:\AI\experiments\chinesetradscreen_sd15_lora_v1\models\chinesetradscreen_sd15_lora_v1-000009.safetensors,0.9,512,512,30,7.0,euler_a,fp16,images/A1/A1_seed314.png
A1_seed512,A1,512,"chinesetradscreen, traditional Chinese folding screen, multi-panel screen, complete screen, wooden frame, overall frontal view, continuous composition, elegant traditional decorative design","cropped, close-up, incomplete screen, deformed structure, broken frame, duplicated structure, text, watermark, blurry, low quality",D:\AI\models\sd15\v1-5-pruned-emaonly.safetensors,D:\AI\experiments\chinesetradscreen_sd15_lora_v1\models\chinesetradscreen_sd15_lora_v1-000009.safetensors,0.9,512,512,30,7.0,euler_a,fp16,images/A1/A1_seed512.png
A1_seed888,A1,888,"chinesetradscreen, traditional Chinese folding screen, multi-panel screen, complete screen, wooden frame, overall frontal view, continuous composition, elegant traditional decorative design","cropped, close-up, incomplete screen, deformed structure, broken frame, duplicated structure, text, watermark, blurry, low quality",D:\AI\models\sd15\v1-5-pruned-emaonly.safetensors,D:\AI\experiments\chinesetradscreen_sd15_lora_v1\models\chinesetradscreen_sd15_lora_v1-000009.safetensors,0.9,512,512,30,7.0,euler_a,fp16,images/A1/A1_seed888.png
A1_seed1024,A1,1024,"chinesetradscreen, traditional Chinese folding screen, multi-panel screen, complete screen, wooden frame, overall frontal view, continuous composition, elegant traditional decorative design","cropped, close-up, incomplete screen, deformed structure, broken frame, duplicated structure, text, watermark, blurry, low quality",D:\AI\models\sd15\v1-5-pruned-emaonly.safetensors,D:\AI\experiments\chinesetradscreen_sd15_lora_v1\models\chinesetradscreen_sd15_lora_v1-000009.safetensors,0.9,512,512,30,7.0,euler_a,fp16,images/A1/A1_seed1024.png
A1_seed2048,A1,2048,"chinesetradscreen, traditional Chinese folding screen, multi-panel screen, complete screen, wooden frame, overall frontal view, continuous composition, elegant traditional decorative design","cropped, close-up, incomplete screen, deformed structure, broken frame, duplicated structure, text, watermark, blurry, low quality",D:\AI\models\sd15\v1-5-pruned-emaonly.safetensors,D:\AI\experiments\chinesetradscreen_sd15_lora_v1\models\chinesetradscreen_sd15_lora_v1-000009.safetensors,0.9,512,512,30,7.0,euler_a,fp16,images/A1/A1_seed2048.png
A1_seed4096,A1,4096,"chinesetradscreen, traditional Chinese folding screen, multi-panel screen, complete screen, wooden frame, overall frontal view, continuous composition, elegant traditional decorative design","cropped, close-up, incomplete screen, deformed structure, broken frame, duplicated structure, text, watermark, blurry, low quality",D:\AI\models\sd15\v1-5-pruned-emaonly.safetensors,D:\AI\experiments\chinesetradscreen_sd15_lora_v1\models\chinesetradscreen_sd15_lora_v1-000009.safetensors,0.9,512,512,30,7.0,euler_a,fp16,images/A1/A1_seed4096.png
A1_seed6060,A1,6060,"chinesetradscreen, traditional Chinese folding screen, multi-panel screen, complete screen, wooden frame, overall frontal view, continuous composition, elegant traditional decorative design","cropped, close-up, incomplete screen, deformed structure, broken frame, duplicated structure, text, watermark, blurry, low quality",D:\AI\models\sd15\v1-5-pruned-emaonly.safetensors,D:\AI\experiments\chinesetradscreen_sd15_lora_v1\models\chinesetradscreen_sd15_lora_v1-000009.safetensors,0.9,512,512,30,7.0,euler_a,fp16,images/A1/A1_seed6060.png
A1_seed8080,A1,8080,"chinesetradscreen, traditional Chinese folding screen, multi-panel screen, complete screen, wooden frame, overall frontal view, continuous composition, elegant traditional decorative design","cropped, close-up, incomplete screen, deformed structure, broken frame, duplicated structure, text, watermark, blurry, low quality",D:\AI\models\sd15\v1-5-pruned-emaonly.safetensors,D:\AI\experiments\chinesetradscreen_sd15_lora_v1\models\chinesetradscreen_sd15_lora_v1-000009.safetensors,0.9,512,512,30,7.0,euler_a,fp16,images/A1/A1_seed8080.png
A1_seed10001,A1,10001,"chinesetradscreen, traditional Chinese folding screen, multi-panel screen, complete screen, wooden frame, overall frontal view, continuous composition, elegant traditional decorative design","cropped, close-up, incomplete screen, deformed structure, broken frame, duplicated structure, text, watermark, blurry, low quality",D:\AI\models\sd15\v1-5-pruned-emaonly.safetensors,D:\AI\experiments\chinesetradscreen_sd15_lora_v1\models\chinesetradscreen_sd15_lora_v1-000009.safetensors,0.9,512,512,30,7.0,euler_a,fp16,images/A1/A1_seed10001.png
A1_seed13579,A1,13579,"chinesetradscreen, traditional Chinese folding screen, multi-panel screen, complete screen, wooden frame, overall frontal view, continuous composition, elegant traditional decorative design","cropped, close-up, incomplete screen, deformed structure, broken frame, duplicated structure, text, watermark, blurry, low quality",D:\AI\models\sd15\v1-5-pruned-emaonly.safetensors,D:\AI\experiments\chinesetradscreen_sd15_lora_v1\models\chinesetradscreen_sd15_lora_v1-000009.safetensors,0.9,512,512,30,7.0,euler_a,fp16,images/A1/A1_seed13579.png
A1_seed22222,A1,22222,"chinesetradscreen, traditional Chinese folding screen, multi-panel screen, complete screen, wooden frame, overall frontal view, continuous composition, elegant traditional decorative design","cropped, close-up, incomplete screen, deformed structure, broken frame, duplicated structure, text, watermark, blurry, low quality",D:\AI\models\sd15\v1-5-pruned-emaonly.safetensors,D:\AI\experiments\chinesetradscreen_sd15_lora_v1\models\chinesetradscreen_sd15_lora_v1-000009.safetensors,0.9,512,512,30,7.0,euler_a,fp16,images/A1/A1_seed22222.png
A1_seed31415,A1,31415,"chinesetradscreen, traditional Chinese folding screen, multi-panel screen, complete screen, wooden frame, overall frontal view, continuous composition, elegant traditional decorative design","cropped, close-up, incomplete screen, deformed structure, broken frame, duplicated structure, text, watermark, blurry, low quality",D:\AI\models\sd15\v1-5-pruned-emaonly.safetensors,D:\AI\experiments\chinesetradscreen_sd15_lora_v1\models\chinesetradscreen_sd15_lora_v1-000009.safetensors,0.9,512,512,30,7.0,euler_a,fp16,images/A1/A1_seed31415.png
A1_seed42424,A1,42424,"chinesetradscreen, traditional Chinese folding screen, multi-panel screen, complete screen, wooden frame, overall frontal view, continuous composition, elegant traditional decorative design","cropped, close-up, incomplete screen, deformed structure, broken frame, duplicated structure, text, watermark, blurry, low quality",D:\AI\models\sd15\v1-5-pruned-emaonly.safetensors,D:\AI\experiments\chinesetradscreen_sd15_lora_v1\models\chinesetradscreen_sd15_lora_v1-000009.safetensors,0.9,512,512,30,7.0,euler_a,fp16,images/A1/A1_seed42424.png
A1_seed54321,A1,54321,"chinesetradscreen, traditional Chinese folding screen, multi-panel screen, complete screen, wooden frame, overall frontal view, continuous composition, elegant traditional decorative design","cropped, close-up, incomplete screen, deformed structure, broken frame, duplicated structure, text, watermark, blurry, low quality",D:\AI\models\sd15\v1-5-pruned-emaonly.safetensors,D:\AI\experiments\chinesetradscreen_sd15_lora_v1\models\chinesetradscreen_sd15_lora_v1-000009.safetensors,0.9,512,512,30,7.0,euler_a,fp16,images/A1/A1_seed54321.png
A1_seed65000,A1,65000,"chinesetradscreen, traditional Chinese folding screen, multi-panel screen, complete screen, wooden frame, overall frontal view, continuous composition, elegant traditional decorative design","cropped, close-up, incomplete screen, deformed structure, broken frame, duplicated structure, text, watermark, blurry, low quality",D:\AI\models\sd15\v1-5-pruned-emaonly.safetensors,D:\AI\experiments\chinesetradscreen_sd15_lora_v1\models\chinesetradscreen_sd15_lora_v1-000009.safetensors,0.9,512,512,30,7.0,euler_a,fp16,images/A1/A1_seed65000.png
A2_seed42,A2,42,"chinesetradscreen, traditional Chinese folding screen, multi-panel screen, complete screen, wooden frame, painted landscape panels, calligraphy accents, overall frontal view, balanced composition","cropped, close-up, incomplete screen, deformed structure, broken frame, duplicated structure, text, watermark, blurry, low quality",D:\AI\models\sd15\v1-5-pruned-emaonly.safetensors,D:\AI\experiments\chinesetradscreen_sd15_lora_v1\models\chinesetradscreen_sd15_lora_v1-000009.safetensors,0.9,512,512,30,7.0,euler_a,fp16,images/A2/A2_seed42.png
A2_seed1234,A2,1234,"chinesetradscreen, traditional Chinese folding screen, multi-panel screen, complete screen, wooden frame, painted landscape panels, calligraphy accents, overall frontal view, balanced composition","cropped, close-up, incomplete screen, deformed structure, broken frame, duplicated structure, text, watermark, blurry, low quality",D:\AI\models\sd15\v1-5-pruned-emaonly.safetensors,D:\AI\experiments\chinesetradscreen_sd15_lora_v1\models\chinesetradscreen_sd15_lora_v1-000009.safetensors,0.9,512,512,30,7.0,euler_a,fp16,images/A2/A2_seed1234.png
A2_seed2026,A2,2026,"chinesetradscreen, traditional Chinese folding screen, multi-panel screen, complete screen, wooden frame, painted landscape panels, calligraphy accents, overall frontal view, balanced composition","cropped, close-up, incomplete screen, deformed structure, broken frame, duplicated structure, text, watermark, blurry, low quality",D:\AI\models\sd15\v1-5-pruned-emaonly.safetensors,D:\AI\experiments\chinesetradscreen_sd15_lora_v1\models\chinesetradscreen_sd15_lora_v1-000009.safetensors,0.9,512,512,30,7.0,euler_a,fp16,images/A2/A2_seed2026.png
A2_seed7,A2,7,"chinesetradscreen, traditional Chinese folding screen, multi-panel screen, complete screen, wooden frame, painted landscape panels, calligraphy accents, overall frontal view, balanced composition","cropped, close-up, incomplete screen, deformed structure, broken frame, duplicated structure, text, watermark, blurry, low quality",D:\AI\models\sd15\v1-5-pruned-emaonly.safetensors,D:\AI\experiments\chinesetradscreen_sd15_lora_v1\models\chinesetradscreen_sd15_lora_v1-000009.safetensors,0.9,512,512,30,7.0,euler_a,fp16,images/A2/A2_seed7.png
A2_seed77,A2,77,"chinesetradscreen, traditional Chinese folding screen, multi-panel screen, complete screen, wooden frame, painted landscape panels, calligraphy accents, overall frontal view, balanced composition","cropped, close-up, incomplete screen, deformed structure, broken frame, duplicated structure, text, watermark, blurry, low quality",D:\AI\models\sd15\v1-5-pruned-emaonly.safetensors,D:\AI\experiments\chinesetradscreen_sd15_lora_v1\models\chinesetradscreen_sd15_lora_v1-000009.safetensors,0.9,512,512,30,7.0,euler_a,fp16,images/A2/A2_seed77.png
A2_seed314,A2,314,"chinesetradscreen, traditional Chinese folding screen, multi-panel screen, complete screen, wooden frame, painted landscape panels, calligraphy accents, overall frontal view, balanced composition","cropped, close-up, incomplete screen, deformed structure, broken frame, duplicated structure, text, watermark, blurry, low quality",D:\AI\models\sd15\v1-5-pruned-emaonly.safetensors,D:\AI\experiments\chinesetradscreen_sd15_lora_v1\models\chinesetradscreen_sd15_lora_v1-000009.safetensors,0.9,512,512,30,7.0,euler_a,fp16,images/A2/A2_seed314.png
A2_seed512,A2,512,"chinesetradscreen, traditional Chinese folding screen, multi-panel screen, complete screen, wooden frame, painted landscape panels, calligraphy accents, overall frontal view, balanced composition","cropped, close-up, incomplete screen, deformed structure, broken frame, duplicated structure, text, watermark, blurry, low quality",D:\AI\models\sd15\v1-5-pruned-emaonly.safetensors,D:\AI\experiments\chinesetradscreen_sd15_lora_v1\models\chinesetradscreen_sd15_lora_v1-000009.safetensors,0.9,512,512,30,7.0,euler_a,fp16,images/A2/A2_seed512.png
A2_seed888,A2,888,"chinesetradscreen, traditional Chinese folding screen, multi-panel screen, complete screen, wooden frame, painted landscape panels, calligraphy accents, overall frontal view, balanced composition","cropped, close-up, incomplete screen, deformed structure, broken frame, duplicated structure, text, watermark, blurry, low quality",D:\AI\models\sd15\v1-5-pruned-emaonly.safetensors,D:\AI\experiments\chinesetradscreen_sd15_lora_v1\models\chinesetradscreen_sd15_lora_v1-000009.safetensors,0.9,512,512,30,7.0,euler_a,fp16,images/A2/A2_seed888.png
A2_seed1024,A2,1024,"chinesetradscreen, traditional Chinese folding screen, multi-panel screen, complete screen, wooden frame, painted landscape panels, calligraphy accents, overall frontal view, balanced composition","cropped, close-up, incomplete screen, deformed structure, broken frame, duplicated structure, text, watermark, blurry, low quality",D:\AI\models\sd15\v1-5-pruned-emaonly.safetensors,D:\AI\experiments\chinesetradscreen_sd15_lora_v1\models\chinesetradscreen_sd15_lora_v1-000009.safetensors,0.9,512,512,30,7.0,euler_a,fp16,images/A2/A2_seed1024.png
A2_seed2048,A2,2048,"chinesetradscreen, traditional Chinese folding screen, multi-panel screen, complete screen, wooden frame, painted landscape panels, calligraphy accents, overall frontal view, balanced composition","cropped, close-up, incomplete screen, deformed structure, broken frame, duplicated structure, text, watermark, blurry, low quality",D:\AI\models\sd15\v1-5-pruned-emaonly.safetensors,D:\AI\experiments\chinesetradscreen_sd15_lora_v1\models\chinesetradscreen_sd15_lora_v1-000009.safetensors,0.9,512,512,30,7.0,euler_a,fp16,images/A2/A2_seed2048.png
A2_seed4096,A2,4096,"chinesetradscreen, traditional Chinese folding screen, multi-panel screen, complete screen, wooden frame, painted landscape panels, calligraphy accents, overall frontal view, balanced composition","cropped, close-up, incomplete screen, deformed structure, broken frame, duplicated structure, text, watermark, blurry, low quality",D:\AI\models\sd15\v1-5-pruned-emaonly.safetensors,D:\AI\experiments\chinesetradscreen_sd15_lora_v1\models\chinesetradscreen_sd15_lora_v1-000009.safetensors,0.9,512,512,30,7.0,euler_a,fp16,images/A2/A2_seed4096.png
A2_seed6060,A2,6060,"chinesetradscreen, traditional Chinese folding screen, multi-panel screen, complete screen, wooden frame, painted landscape panels, calligraphy accents, overall frontal view, balanced composition","cropped, close-up, incomplete screen, deformed structure, broken frame, duplicated structure, text, watermark, blurry, low quality",D:\AI\models\sd15\v1-5-pruned-emaonly.safetensors,D:\AI\experiments\chinesetradscreen_sd15_lora_v1\models\chinesetradscreen_sd15_lora_v1-000009.safetensors,0.9,512,512,30,7.0,euler_a,fp16,images/A2/A2_seed6060.png
A2_seed8080,A2,8080,"chinesetradscreen, traditional Chinese folding screen, multi-panel screen, complete screen, wooden frame, painted landscape panels, calligraphy accents, overall frontal view, balanced composition","cropped, close-up, incomplete screen, deformed structure, broken frame, duplicated structure, text, watermark, blurry, low quality",D:\AI\models\sd15\v1-5-pruned-emaonly.safetensors,D:\AI\experiments\chinesetradscreen_sd15_lora_v1\models\chinesetradscreen_sd15_lora_v1-000009.safetensors,0.9,512,512,30,7.0,euler_a,fp16,images/A2/A2_seed8080.png
A2_seed10001,A2,10001,"chinesetradscreen, traditional Chinese folding screen, multi-panel screen, complete screen, wooden frame, painted landscape panels, calligraphy accents, overall frontal view, balanced composition","cropped, close-up, incomplete screen, deformed structure, broken frame, duplicated structure, text, watermark, blurry, low quality",D:\AI\models\sd15\v1-5-pruned-emaonly.safetensors,D:\AI\experiments\chinesetradscreen_sd15_lora_v1\models\chinesetradscreen_sd15_lora_v1-000009.safetensors,0.9,512,512,30,7.0,euler_a,fp16,images/A2/A2_seed10001.png
A2_seed13579,A2,13579,"chinesetradscreen, traditional Chinese folding screen, multi-panel screen, complete screen, wooden frame, painted landscape panels, calligraphy accents, overall frontal view, balanced composition","cropped, close-up, incomplete screen, deformed structure, broken frame, duplicated structure, text, watermark, blurry, low quality",D:\AI\models\sd15\v1-5-pruned-emaonly.safetensors,D:\AI\experiments\chinesetradscreen_sd15_lora_v1\models\chinesetradscreen_sd15_lora_v1-000009.safetensors,0.9,512,512,30,7.0,euler_a,fp16,images/A2/A2_seed13579.png
A2_seed22222,A2,22222,"chinesetradscreen, traditional Chinese folding screen, multi-panel screen, complete screen, wooden frame, painted landscape panels, calligraphy accents, overall frontal view, balanced composition","cropped, close-up, incomplete screen, deformed structure, broken frame, duplicated structure, text, watermark, blurry, low quality",D:\AI\models\sd15\v1-5-pruned-emaonly.safetensors,D:\AI\experiments\chinesetradscreen_sd15_lora_v1\models\chinesetradscreen_sd15_lora_v1-000009.safetensors,0.9,512,512,30,7.0,euler_a,fp16,images/A2/A2_seed22222.png
A2_seed31415,A2,31415,"chinesetradscreen, traditional Chinese folding screen, multi-panel screen, complete screen, wooden frame, painted landscape panels, calligraphy accents, overall frontal view, balanced composition","cropped, close-up, incomplete screen, deformed structure, broken frame, duplicated structure, text, watermark, blurry, low quality",D:\AI\models\sd15\v1-5-pruned-emaonly.safetensors,D:\AI\experiments\chinesetradscreen_sd15_lora_v1\models\chinesetradscreen_sd15_lora_v1-000009.safetensors,0.9,512,512,30,7.0,euler_a,fp16,images/A2/A2_seed31415.png
A2_seed42424,A2,42424,"chinesetradscreen, traditional Chinese folding screen, multi-panel screen, complete screen, wooden frame, painted landscape panels, calligraphy accents, overall frontal view, balanced composition","cropped, close-up, incomplete screen, deformed structure, broken frame, duplicated structure, text, watermark, blurry, low quality",D:\AI\models\sd15\v1-5-pruned-emaonly.safetensors,D:\AI\experiments\chinesetradscreen_sd15_lora_v1\models\chinesetradscreen_sd15_lora_v1-000009.safetensors,0.9,512,512,30,7.0,euler_a,fp16,images/A2/A2_seed42424.png
A2_seed54321,A2,54321,"chinesetradscreen, traditional Chinese folding screen, multi-panel screen, complete screen, wooden frame, painted landscape panels, calligraphy accents, overall frontal view, balanced composition","cropped, close-up, incomplete screen, deformed structure, broken frame, duplicated structure, text, watermark, blurry, low quality",D:\AI\models\sd15\v1-5-pruned-emaonly.safetensors,D:\AI\experiments\chinesetradscreen_sd15_lora_v1\models\chinesetradscreen_sd15_lora_v1-000009.safetensors,0.9,512,512,30,7.0,euler_a,fp16,images/A2/A2_seed54321.png
A2_seed65000,A2,65000,"chinesetradscreen, traditional Chinese folding screen, multi-panel screen, complete screen, wooden frame, painted landscape panels, calligraphy accents, overall frontal view, balanced composition","cropped, close-up, incomplete screen, deformed structure, broken frame, duplicated structure, text, watermark, blurry, low quality",D:\AI\models\sd15\v1-5-pruned-emaonly.safetensors,D:\AI\experiments\chinesetradscreen_sd15_lora_v1\models\chinesetradscreen_sd15_lora_v1-000009.safetensors,0.9,512,512,30,7.0,euler_a,fp16,images/A2/A2_seed65000.png
A3_seed42,A3,42,"chinesetradscreen, traditional Chinese folding screen, multi-panel screen, complete screen, wooden frame, traditional decorative border, refined painted composition, overall view","cropped, close-up, incomplete screen, deformed structure, broken frame, duplicated structure, text, watermark, blurry, low quality",D:\AI\models\sd15\v1-5-pruned-emaonly.safetensors,D:\AI\experiments\chinesetradscreen_sd15_lora_v1\models\chinesetradscreen_sd15_lora_v1-000009.safetensors,0.9,512,512,30,7.0,euler_a,fp16,images/A3/A3_seed42.png
A3_seed1234,A3,1234,"chinesetradscreen, traditional Chinese folding screen, multi-panel screen, complete screen, wooden frame, traditional decorative border, refined painted composition, overall view","cropped, close-up, incomplete screen, deformed structure, broken frame, duplicated structure, text, watermark, blurry, low quality",D:\AI\models\sd15\v1-5-pruned-emaonly.safetensors,D:\AI\experiments\chinesetradscreen_sd15_lora_v1\models\chinesetradscreen_sd15_lora_v1-000009.safetensors,0.9,512,512,30,7.0,euler_a,fp16,images/A3/A3_seed1234.png
A3_seed2026,A3,2026,"chinesetradscreen, traditional Chinese folding screen, multi-panel screen, complete screen, wooden frame, traditional decorative border, refined painted composition, overall view","cropped, close-up, incomplete screen, deformed structure, broken frame, duplicated structure, text, watermark, blurry, low quality",D:\AI\models\sd15\v1-5-pruned-emaonly.safetensors,D:\AI\experiments\chinesetradscreen_sd15_lora_v1\models\chinesetradscreen_sd15_lora_v1-000009.safetensors,0.9,512,512,30,7.0,euler_a,fp16,images/A3/A3_seed2026.png
A3_seed7,A3,7,"chinesetradscreen, traditional Chinese folding screen, multi-panel screen, complete screen, wooden frame, traditional decorative border, refined painted composition, overall view","cropped, close-up, incomplete screen, deformed structure, broken frame, duplicated structure, text, watermark, blurry, low quality",D:\AI\models\sd15\v1-5-pruned-emaonly.safetensors,D:\AI\experiments\chinesetradscreen_sd15_lora_v1\models\chinesetradscreen_sd15_lora_v1-000009.safetensors,0.9,512,512,30,7.0,euler_a,fp16,images/A3/A3_seed7.png
A3_seed77,A3,77,"chinesetradscreen, traditional Chinese folding screen, multi-panel screen, complete screen, wooden frame, traditional decorative border, refined painted composition, overall view","cropped, close-up, incomplete screen, deformed structure, broken frame, duplicated structure, text, watermark, blurry, low quality",D:\AI\models\sd15\v1-5-pruned-emaonly.safetensors,D:\AI\experiments\chinesetradscreen_sd15_lora_v1\models\chinesetradscreen_sd15_lora_v1-000009.safetensors,0.9,512,512,30,7.0,euler_a,fp16,images/A3/A3_seed77.png
A3_seed314,A3,314,"chinesetradscreen, traditional Chinese folding screen, multi-panel screen, complete screen, wooden frame, traditional decorative border, refined painted composition, overall view","cropped, close-up, incomplete screen, deformed structure, broken frame, duplicated structure, text, watermark, blurry, low quality",D:\AI\models\sd15\v1-5-pruned-emaonly.safetensors,D:\AI\experiments\chinesetradscreen_sd15_lora_v1\models\chinesetradscreen_sd15_lora_v1-000009.safetensors,0.9,512,512,30,7.0,euler_a,fp16,images/A3/A3_seed314.png
A3_seed512,A3,512,"chinesetradscreen, traditional Chinese folding screen, multi-panel screen, complete screen, wooden frame, traditional decorative border, refined painted composition, overall view","cropped, close-up, incomplete screen, deformed structure, broken frame, duplicated structure, text, watermark, blurry, low quality",D:\AI\models\sd15\v1-5-pruned-emaonly.safetensors,D:\AI\experiments\chinesetradscreen_sd15_lora_v1\models\chinesetradscreen_sd15_lora_v1-000009.safetensors,0.9,512,512,30,7.0,euler_a,fp16,images/A3/A3_seed512.png
A3_seed888,A3,888,"chinesetradscreen, traditional Chinese folding screen, multi-panel screen, complete screen, wooden frame, traditional decorative border, refined painted composition, overall view","cropped, close-up, incomplete screen, deformed structure, broken frame, duplicated structure, text, watermark, blurry, low quality",D:\AI\models\sd15\v1-5-pruned-emaonly.safetensors,D:\AI\experiments\chinesetradscreen_sd15_lora_v1\models\chinesetradscreen_sd15_lora_v1-000009.safetensors,0.9,512,512,30,7.0,euler_a,fp16,images/A3/A3_seed888.png
A3_seed1024,A3,1024,"chinesetradscreen, traditional Chinese folding screen, multi-panel screen, complete screen, wooden frame, traditional decorative border, refined painted composition, overall view","cropped, close-up, incomplete screen, deformed structure, broken frame, duplicated structure, text, watermark, blurry, low quality",D:\AI\models\sd15\v1-5-pruned-emaonly.safetensors,D:\AI\experiments\chinesetradscreen_sd15_lora_v1\models\chinesetradscreen_sd15_lora_v1-000009.safetensors,0.9,512,512,30,7.0,euler_a,fp16,images/A3/A3_seed1024.png
A3_seed2048,A3,2048,"chinesetradscreen, traditional Chinese folding screen, multi-panel screen, complete screen, wooden frame, traditional decorative border, refined painted composition, overall view","cropped, close-up, incomplete screen, deformed structure, broken frame, duplicated structure, text, watermark, blurry, low quality",D:\AI\models\sd15\v1-5-pruned-emaonly.safetensors,D:\AI\experiments\chinesetradscreen_sd15_lora_v1\models\chinesetradscreen_sd15_lora_v1-000009.safetensors,0.9,512,512,30,7.0,euler_a,fp16,images/A3/A3_seed2048.png
A3_seed4096,A3,4096,"chinesetradscreen, traditional Chinese folding screen, multi-panel screen, complete screen, wooden frame, traditional decorative border, refined painted composition, overall view","cropped, close-up, incomplete screen, deformed structure, broken frame, duplicated structure, text, watermark, blurry, low quality",D:\AI\models\sd15\v1-5-pruned-emaonly.safetensors,D:\AI\experiments\chinesetradscreen_sd15_lora_v1\models\chinesetradscreen_sd15_lora_v1-000009.safetensors,0.9,512,512,30,7.0,euler_a,fp16,images/A3/A3_seed4096.png
A3_seed6060,A3,6060,"chinesetradscreen, traditional Chinese folding screen, multi-panel screen, complete screen, wooden frame, traditional decorative border, refined painted composition, overall view","cropped, close-up, incomplete screen, deformed structure, broken frame, duplicated structure, text, watermark, blurry, low quality",D:\AI\models\sd15\v1-5-pruned-emaonly.safetensors,D:\AI\experiments\chinesetradscreen_sd15_lora_v1\models\chinesetradscreen_sd15_lora_v1-000009.safetensors,0.9,512,512,30,7.0,euler_a,fp16,images/A3/A3_seed6060.png
A3_seed8080,A3,8080,"chinesetradscreen, traditional Chinese folding screen, multi-panel screen, complete screen, wooden frame, traditional decorative border, refined painted composition, overall view","cropped, close-up, incomplete screen, deformed structure, broken frame, duplicated structure, text, watermark, blurry, low quality",D:\AI\models\sd15\v1-5-pruned-emaonly.safetensors,D:\AI\experiments\chinesetradscreen_sd15_lora_v1\models\chinesetradscreen_sd15_lora_v1-000009.safetensors,0.9,512,512,30,7.0,euler_a,fp16,images/A3/A3_seed8080.png
A3_seed10001,A3,10001,"chinesetradscreen, traditional Chinese folding screen, multi-panel screen, complete screen, wooden frame, traditional decorative border, refined painted composition, overall view","cropped, close-up, incomplete screen, deformed structure, broken frame, duplicated structure, text, watermark, blurry, low quality",D:\AI\models\sd15\v1-5-pruned-emaonly.safetensors,D:\AI\experiments\chinesetradscreen_sd15_lora_v1\models\chinesetradscreen_sd15_lora_v1-000009.safetensors,0.9,512,512,30,7.0,euler_a,fp16,images/A3/A3_seed10001.png
A3_seed13579,A3,13579,"chinesetradscreen, traditional Chinese folding screen, multi-panel screen, complete screen, wooden frame, traditional decorative border, refined painted composition, overall view","cropped, close-up, incomplete screen, deformed structure, broken frame, duplicated structure, text, watermark, blurry, low quality",D:\AI\models\sd15\v1-5-pruned-emaonly.safetensors,D:\AI\experiments\chinesetradscreen_sd15_lora_v1\models\chinesetradscreen_sd15_lora_v1-000009.safetensors,0.9,512,512,30,7.0,euler_a,fp16,images/A3/A3_seed13579.png
A3_seed22222,A3,22222,"chinesetradscreen, traditional Chinese folding screen, multi-panel screen, complete screen, wooden frame, traditional decorative border, refined painted composition, overall view","cropped, close-up, incomplete screen, deformed structure, broken frame, duplicated structure, text, watermark, blurry, low quality",D:\AI\models\sd15\v1-5-pruned-emaonly.safetensors,D:\AI\experiments\chinesetradscreen_sd15_lora_v1\models\chinesetradscreen_sd15_lora_v1-000009.safetensors,0.9,512,512,30,7.0,euler_a,fp16,images/A3/A3_seed22222.png
A3_seed31415,A3,31415,"chinesetradscreen, traditional Chinese folding screen, multi-panel screen, complete screen, wooden frame, traditional decorative border, refined painted composition, overall view","cropped, close-up, incomplete screen, deformed structure, broken frame, duplicated structure, text, watermark, blurry, low quality",D:\AI\models\sd15\v1-5-pruned-emaonly.safetensors,D:\AI\experiments\chinesetradscreen_sd15_lora_v1\models\chinesetradscreen_sd15_lora_v1-000009.safetensors,0.9,512,512,30,7.0,euler_a,fp16,images/A3/A3_seed31415.png
A3_seed42424,A3,42424,"chinesetradscreen, traditional Chinese folding screen, multi-panel screen, complete screen, wooden frame, traditional decorative border, refined painted composition, overall view","cropped, close-up, incomplete screen, deformed structure, broken frame, duplicated structure, text, watermark, blurry, low quality",D:\AI\models\sd15\v1-5-pruned-emaonly.safetensors,D:\AI\experiments\chinesetradscreen_sd15_lora_v1\models\chinesetradscreen_sd15_lora_v1-000009.safetensors,0.9,512,512,30,7.0,euler_a,fp16,images/A3/A3_seed42424.png
A3_seed54321,A3,54321,"chinesetradscreen, traditional Chinese folding screen, multi-panel screen, complete screen, wooden frame, traditional decorative border, refined painted composition, overall view","cropped, close-up, incomplete screen, deformed structure, broken frame, duplicated structure, text, watermark, blurry, low quality",D:\AI\models\sd15\v1-5-pruned-emaonly.safetensors,D:\AI\experiments\chinesetradscreen_sd15_lora_v1\models\chinesetradscreen_sd15_lora_v1-000009.safetensors,0.9,512,512,30,7.0,euler_a,fp16,images/A3/A3_seed54321.png
A3_seed65000,A3,65000,"chinesetradscreen, traditional Chinese folding screen, multi-panel screen, complete screen, wooden frame, traditional decorative border, refined painted composition, overall view","cropped, close-up, incomplete screen, deformed structure, broken frame, duplicated structure, text, watermark, blurry, low quality",D:\AI\models\sd15\v1-5-pruned-emaonly.safetensors,D:\AI\experiments\chinesetradscreen_sd15_lora_v1\models\chinesetradscreen_sd15_lora_v1-000009.safetensors,0.9,512,512,30,7.0,euler_a,fp16,images/A3/A3_seed65000.png
B1_seed42,B1,42,"chinesetradscreen, modern reinterpretation of a traditional Chinese folding screen, multi-panel screen, complete screen, wooden frame, simplified decorative language, clean lines, overall frontal view","cropped, close-up, incomplete screen, deformed structure, broken frame, duplicated structure, text, watermark, blurry, low quality",D:\AI\models\sd15\v1-5-pruned-emaonly.safetensors,D:\AI\experiments\chinesetradscreen_sd15_lora_v1\models\chinesetradscreen_sd15_lora_v1-000009.safetensors,0.9,512,512,30,7.0,euler_a,fp16,images/B1/B1_seed42.png
B1_seed1234,B1,1234,"chinesetradscreen, modern reinterpretation of a traditional Chinese folding screen, multi-panel screen, complete screen, wooden frame, simplified decorative language, clean lines, overall frontal view","cropped, close-up, incomplete screen, deformed structure, broken frame, duplicated structure, text, watermark, blurry, low quality",D:\AI\models\sd15\v1-5-pruned-emaonly.safetensors,D:\AI\experiments\chinesetradscreen_sd15_lora_v1\models\chinesetradscreen_sd15_lora_v1-000009.safetensors,0.9,512,512,30,7.0,euler_a,fp16,images/B1/B1_seed1234.png
B1_seed2026,B1,2026,"chinesetradscreen, modern reinterpretation of a traditional Chinese folding screen, multi-panel screen, complete screen, wooden frame, simplified decorative language, clean lines, overall frontal view","cropped, close-up, incomplete screen, deformed structure, broken frame, duplicated structure, text, watermark, blurry, low quality",D:\AI\models\sd15\v1-5-pruned-emaonly.safetensors,D:\AI\experiments\chinesetradscreen_sd15_lora_v1\models\chinesetradscreen_sd15_lora_v1-000009.safetensors,0.9,512,512,30,7.0,euler_a,fp16,images/B1/B1_seed2026.png
B1_seed7,B1,7,"chinesetradscreen, modern reinterpretation of a traditional Chinese folding screen, multi-panel screen, complete screen, wooden frame, simplified decorative language, clean lines, overall frontal view","cropped, close-up, incomplete screen, deformed structure, broken frame, duplicated structure, text, watermark, blurry, low quality",D:\AI\models\sd15\v1-5-pruned-emaonly.safetensors,D:\AI\experiments\chinesetradscreen_sd15_lora_v1\models\chinesetradscreen_sd15_lora_v1-000009.safetensors,0.9,512,512,30,7.0,euler_a,fp16,images/B1/B1_seed7.png
B1_seed77,B1,77,"chinesetradscreen, modern reinterpretation of a traditional Chinese folding screen, multi-panel screen, complete screen, wooden frame, simplified decorative language, clean lines, overall frontal view","cropped, close-up, incomplete screen, deformed structure, broken frame, duplicated structure, text, watermark, blurry, low quality",D:\AI\models\sd15\v1-5-pruned-emaonly.safetensors,D:\AI\experiments\chinesetradscreen_sd15_lora_v1\models\chinesetradscreen_sd15_lora_v1-000009.safetensors,0.9,512,512,30,7.0,euler_a,fp16,images/B1/B1_seed77.png
B1_seed314,B1,314,"chinesetradscreen, modern reinterpretation of a traditional Chinese folding screen, multi-panel screen, complete screen, wooden frame, simplified decorative language, clean lines, overall frontal view","cropped, close-up, incomplete screen, deformed structure, broken frame, duplicated structure, text, watermark, blurry, low quality",D:\AI\models\sd15\v1-5-pruned-emaonly.safetensors,D:\AI\experiments\chinesetradscreen_sd15_lora_v1\models\chinesetradscreen_sd15_lora_v1-000009.safetensors,0.9,512,512,30,7.0,euler_a,fp16,images/B1/B1_seed314.png
B1_seed512,B1,512,"chinesetradscreen, modern reinterpretation of a traditional Chinese folding screen, multi-panel screen, complete screen, wooden frame, simplified decorative language, clean lines, overall frontal view","cropped, close-up, incomplete screen, deformed structure, broken frame, duplicated structure, text, watermark, blurry, low quality",D:\AI\models\sd15\v1-5-pruned-emaonly.safetensors,D:\AI\experiments\chinesetradscreen_sd15_lora_v1\models\chinesetradscreen_sd15_lora_v1-000009.safetensors,0.9,512,512,30,7.0,euler_a,fp16,images/B1/B1_seed512.png
B1_seed888,B1,888,"chinesetradscreen, modern reinterpretation of a traditional Chinese folding screen, multi-panel screen, complete screen, wooden frame, simplified decorative language, clean lines, overall frontal view","cropped, close-up, incomplete screen, deformed structure, broken frame, duplicated structure, text, watermark, blurry, low quality",D:\AI\models\sd15\v1-5-pruned-emaonly.safetensors,D:\AI\experiments\chinesetradscreen_sd15_lora_v1\models\chinesetradscreen_sd15_lora_v1-000009.safetensors,0.9,512,512,30,7.0,euler_a,fp16,images/B1/B1_seed888.png
B1_seed1024,B1,1024,"chinesetradscreen, modern reinterpretation of a traditional Chinese folding screen, multi-panel screen, complete screen, wooden frame, simplified decorative language, clean lines, overall frontal view","cropped, close-up, incomplete screen, deformed structure, broken frame, duplicated structure, text, watermark, blurry, low quality",D:\AI\models\sd15\v1-5-pruned-emaonly.safetensors,D:\AI\experiments\chinesetradscreen_sd15_lora_v1\models\chinesetradscreen_sd15_lora_v1-000009.safetensors,0.9,512,512,30,7.0,euler_a,fp16,images/B1/B1_seed1024.png
B1_seed2048,B1,2048,"chinesetradscreen, modern reinterpretation of a traditional Chinese folding screen, multi-panel screen, complete screen, wooden frame, simplified decorative language, clean lines, overall frontal view","cropped, close-up, incomplete screen, deformed structure, broken frame, duplicated structure, text, watermark, blurry, low quality",D:\AI\models\sd15\v1-5-pruned-emaonly.safetensors,D:\AI\experiments\chinesetradscreen_sd15_lora_v1\models\chinesetradscreen_sd15_lora_v1-000009.safetensors,0.9,512,512,30,7.0,euler_a,fp16,images/B1/B1_seed2048.png
B1_seed4096,B1,4096,"chinesetradscreen, modern reinterpretation of a traditional Chinese folding screen, multi-panel screen, complete screen, wooden frame, simplified decorative language, clean lines, overall frontal view","cropped, close-up, incomplete screen, deformed structure, broken frame, duplicated structure, text, watermark, blurry, low quality",D:\AI\models\sd15\v1-5-pruned-emaonly.safetensors,D:\AI\experiments\chinesetradscreen_sd15_lora_v1\models\chinesetradscreen_sd15_lora_v1-000009.safetensors,0.9,512,512,30,7.0,euler_a,fp16,images/B1/B1_seed4096.png
B1_seed6060,B1,6060,"chinesetradscreen, modern reinterpretation of a traditional Chinese folding screen, multi-panel screen, complete screen, wooden frame, simplified decorative language, clean lines, overall frontal view","cropped, close-up, incomplete screen, deformed structure, broken frame, duplicated structure, text, watermark, blurry, low quality",D:\AI\models\sd15\v1-5-pruned-emaonly.safetensors,D:\AI\experiments\chinesetradscreen_sd15_lora_v1\models\chinesetradscreen_sd15_lora_v1-000009.safetensors,0.9,512,512,30,7.0,euler_a,fp16,images/B1/B1_seed6060.png
B1_seed8080,B1,8080,"chinesetradscreen, modern reinterpretation of a traditional Chinese folding screen, multi-panel screen, complete screen, wooden frame, simplified decorative language, clean lines, overall frontal view","cropped, close-up, incomplete screen, deformed structure, broken frame, duplicated structure, text, watermark, blurry, low quality",D:\AI\models\sd15\v1-5-pruned-emaonly.safetensors,D:\AI\experiments\chinesetradscreen_sd15_lora_v1\models\chinesetradscreen_sd15_lora_v1-000009.safetensors,0.9,512,512,30,7.0,euler_a,fp16,images/B1/B1_seed8080.png
B1_seed10001,B1,10001,"chinesetradscreen, modern reinterpretation of a traditional Chinese folding screen, multi-panel screen, complete screen, wooden frame, simplified decorative language, clean lines, overall frontal view","cropped, close-up, incomplete screen, deformed structure, broken frame, duplicated structure, text, watermark, blurry, low quality",D:\AI\models\sd15\v1-5-pruned-emaonly.safetensors,D:\AI\experiments\chinesetradscreen_sd15_lora_v1\models\chinesetradscreen_sd15_lora_v1-000009.safetensors,0.9,512,512,30,7.0,euler_a,fp16,images/B1/B1_seed10001.png
B1_seed13579,B1,13579,"chinesetradscreen, modern reinterpretation of a traditional Chinese folding screen, multi-panel screen, complete screen, wooden frame, simplified decorative language, clean lines, overall frontal view","cropped, close-up, incomplete screen, deformed structure, broken frame, duplicated structure, text, watermark, blurry, low quality",D:\AI\models\sd15\v1-5-pruned-emaonly.safetensors,D:\AI\experiments\chinesetradscreen_sd15_lora_v1\models\chinesetradscreen_sd15_lora_v1-000009.safetensors,0.9,512,512,30,7.0,euler_a,fp16,images/B1/B1_seed13579.png
B1_seed22222,B1,22222,"chinesetradscreen, modern reinterpretation of a traditional Chinese folding screen, multi-panel screen, complete screen, wooden frame, simplified decorative language, clean lines, overall frontal view","cropped, close-up, incomplete screen, deformed structure, broken frame, duplicated structure, text, watermark, blurry, low quality",D:\AI\models\sd15\v1-5-pruned-emaonly.safetensors,D:\AI\experiments\chinesetradscreen_sd15_lora_v1\models\chinesetradscreen_sd15_lora_v1-000009.safetensors,0.9,512,512,30,7.0,euler_a,fp16,images/B1/B1_seed22222.png
B1_seed31415,B1,31415,"chinesetradscreen, modern reinterpretation of a traditional Chinese folding screen, multi-panel screen, complete screen, wooden frame, simplified decorative language, clean lines, overall frontal view","cropped, close-up, incomplete screen, deformed structure, broken frame, duplicated structure, text, watermark, blurry, low quality",D:\AI\models\sd15\v1-5-pruned-emaonly.safetensors,D:\AI\experiments\chinesetradscreen_sd15_lora_v1\models\chinesetradscreen_sd15_lora_v1-000009.safetensors,0.9,512,512,30,7.0,euler_a,fp16,images/B1/B1_seed31415.png
B1_seed42424,B1,42424,"chinesetradscreen, modern reinterpretation of a traditional Chinese folding screen, multi-panel screen, complete screen, wooden frame, simplified decorative language, clean lines, overall frontal view","cropped, close-up, incomplete screen, deformed structure, broken frame, duplicated structure, text, watermark, blurry, low quality",D:\AI\models\sd15\v1-5-pruned-emaonly.safetensors,D:\AI\experiments\chinesetradscreen_sd15_lora_v1\models\chinesetradscreen_sd15_lora_v1-000009.safetensors,0.9,512,512,30,7.0,euler_a,fp16,images/B1/B1_seed42424.png
B1_seed54321,B1,54321,"chinesetradscreen, modern reinterpretation of a traditional Chinese folding screen, multi-panel screen, complete screen, wooden frame, simplified decorative language, clean lines, overall frontal view","cropped, close-up, incomplete screen, deformed structure, broken frame, duplicated structure, text, watermark, blurry, low quality",D:\AI\models\sd15\v1-5-pruned-emaonly.safetensors,D:\AI\experiments\chinesetradscreen_sd15_lora_v1\models\chinesetradscreen_sd15_lora_v1-000009.safetensors,0.9,512,512,30,7.0,euler_a,fp16,images/B1/B1_seed54321.png
B1_seed65000,B1,65000,"chinesetradscreen, modern reinterpretation of a traditional Chinese folding screen, multi-panel screen, complete screen, wooden frame, simplified decorative language, clean lines, overall frontal view","cropped, close-up, incomplete screen, deformed structure, broken frame, duplicated structure, text, watermark, blurry, low quality",D:\AI\models\sd15\v1-5-pruned-emaonly.safetensors,D:\AI\experiments\chinesetradscreen_sd15_lora_v1\models\chinesetradscreen_sd15_lora_v1-000009.safetensors,0.9,512,512,30,7.0,euler_a,fp16,images/B1/B1_seed65000.png
B2_seed42,B2,42,"chinesetradscreen, minimalist traditional Chinese folding screen, multi-panel screen, complete screen, elegant wooden frame, reduced ornament, contemporary design expression, overall view","cropped, close-up, incomplete screen, deformed structure, broken frame, duplicated structure, text, watermark, blurry, low quality",D:\AI\models\sd15\v1-5-pruned-emaonly.safetensors,D:\AI\experiments\chinesetradscreen_sd15_lora_v1\models\chinesetradscreen_sd15_lora_v1-000009.safetensors,0.9,512,512,30,7.0,euler_a,fp16,images/B2/B2_seed42.png
B2_seed1234,B2,1234,"chinesetradscreen, minimalist traditional Chinese folding screen, multi-panel screen, complete screen, elegant wooden frame, reduced ornament, contemporary design expression, overall view","cropped, close-up, incomplete screen, deformed structure, broken frame, duplicated structure, text, watermark, blurry, low quality",D:\AI\models\sd15\v1-5-pruned-emaonly.safetensors,D:\AI\experiments\chinesetradscreen_sd15_lora_v1\models\chinesetradscreen_sd15_lora_v1-000009.safetensors,0.9,512,512,30,7.0,euler_a,fp16,images/B2/B2_seed1234.png
B2_seed2026,B2,2026,"chinesetradscreen, minimalist traditional Chinese folding screen, multi-panel screen, complete screen, elegant wooden frame, reduced ornament, contemporary design expression, overall view","cropped, close-up, incomplete screen, deformed structure, broken frame, duplicated structure, text, watermark, blurry, low quality",D:\AI\models\sd15\v1-5-pruned-emaonly.safetensors,D:\AI\experiments\chinesetradscreen_sd15_lora_v1\models\chinesetradscreen_sd15_lora_v1-000009.safetensors,0.9,512,512,30,7.0,euler_a,fp16,images/B2/B2_seed2026.png
B2_seed7,B2,7,"chinesetradscreen, minimalist traditional Chinese folding screen, multi-panel screen, complete screen, elegant wooden frame, reduced ornament, contemporary design expression, overall view","cropped, close-up, incomplete screen, deformed structure, broken frame, duplicated structure, text, watermark, blurry, low quality",D:\AI\models\sd15\v1-5-pruned-emaonly.safetensors,D:\AI\experiments\chinesetradscreen_sd15_lora_v1\models\chinesetradscreen_sd15_lora_v1-000009.safetensors,0.9,512,512,30,7.0,euler_a,fp16,images/B2/B2_seed7.png
B2_seed77,B2,77,"chinesetradscreen, minimalist traditional Chinese folding screen, multi-panel screen, complete screen, elegant wooden frame, reduced ornament, contemporary design expression, overall view","cropped, close-up, incomplete screen, deformed structure, broken frame, duplicated structure, text, watermark, blurry, low quality",D:\AI\models\sd15\v1-5-pruned-emaonly.safetensors,D:\AI\experiments\chinesetradscreen_sd15_lora_v1\models\chinesetradscreen_sd15_lora_v1-000009.safetensors,0.9,512,512,30,7.0,euler_a,fp16,images/B2/B2_seed77.png
B2_seed314,B2,314,"chinesetradscreen, minimalist traditional Chinese folding screen, multi-panel screen, complete screen, elegant wooden frame, reduced ornament, contemporary design expression, overall view","cropped, close-up, incomplete screen, deformed structure, broken frame, duplicated structure, text, watermark, blurry, low quality",D:\AI\models\sd15\v1-5-pruned-emaonly.safetensors,D:\AI\experiments\chinesetradscreen_sd15_lora_v1\models\chinesetradscreen_sd15_lora_v1-000009.safetensors,0.9,512,512,30,7.0,euler_a,fp16,images/B2/B2_seed314.png
B2_seed512,B2,512,"chinesetradscreen, minimalist traditional Chinese folding screen, multi-panel screen, complete screen, elegant wooden frame, reduced ornament, contemporary design expression, overall view","cropped, close-up, incomplete screen, deformed structure, broken frame, duplicated structure, text, watermark, blurry, low quality",D:\AI\models\sd15\v1-5-pruned-emaonly.safetensors,D:\AI\experiments\chinesetradscreen_sd15_lora_v1\models\chinesetradscreen_sd15_lora_v1-000009.safetensors,0.9,512,512,30,7.0,euler_a,fp16,images/B2/B2_seed512.png
B2_seed888,B2,888,"chinesetradscreen, minimalist traditional Chinese folding screen, multi-panel screen, complete screen, elegant wooden frame, reduced ornament, contemporary design expression, overall view","cropped, close-up, incomplete screen, deformed structure, broken frame, duplicated structure, text, watermark, blurry, low quality",D:\AI\models\sd15\v1-5-pruned-emaonly.safetensors,D:\AI\experiments\chinesetradscreen_sd15_lora_v1\models\chinesetradscreen_sd15_lora_v1-000009.safetensors,0.9,512,512,30,7.0,euler_a,fp16,images/B2/B2_seed888.png
B2_seed1024,B2,1024,"chinesetradscreen, minimalist traditional Chinese folding screen, multi-panel screen, complete screen, elegant wooden frame, reduced ornament, contemporary design expression, overall view","cropped, close-up, incomplete screen, deformed structure, broken frame, duplicated structure, text, watermark, blurry, low quality",D:\AI\models\sd15\v1-5-pruned-emaonly.safetensors,D:\AI\experiments\chinesetradscreen_sd15_lora_v1\models\chinesetradscreen_sd15_lora_v1-000009.safetensors,0.9,512,512,30,7.0,euler_a,fp16,images/B2/B2_seed1024.png
B2_seed2048,B2,2048,"chinesetradscreen, minimalist traditional Chinese folding screen, multi-panel screen, complete screen, elegant wooden frame, reduced ornament, contemporary design expression, overall view","cropped, close-up, incomplete screen, deformed structure, broken frame, duplicated structure, text, watermark, blurry, low quality",D:\AI\models\sd15\v1-5-pruned-emaonly.safetensors,D:\AI\experiments\chinesetradscreen_sd15_lora_v1\models\chinesetradscreen_sd15_lora_v1-000009.safetensors,0.9,512,512,30,7.0,euler_a,fp16,images/B2/B2_seed2048.png
B2_seed4096,B2,4096,"chinesetradscreen, minimalist traditional Chinese folding screen, multi-panel screen, complete screen, elegant wooden frame, reduced ornament, contemporary design expression, overall view","cropped, close-up, incomplete screen, deformed structure, broken frame, duplicated structure, text, watermark, blurry, low quality",D:\AI\models\sd15\v1-5-pruned-emaonly.safetensors,D:\AI\experiments\chinesetradscreen_sd15_lora_v1\models\chinesetradscreen_sd15_lora_v1-000009.safetensors,0.9,512,512,30,7.0,euler_a,fp16,images/B2/B2_seed4096.png
B2_seed6060,B2,6060,"chinesetradscreen, minimalist traditional Chinese folding screen, multi-panel screen, complete screen, elegant wooden frame, reduced ornament, contemporary design expression, overall view","cropped, close-up, incomplete screen, deformed structure, broken frame, duplicated structure, text, watermark, blurry, low quality",D:\AI\models\sd15\v1-5-pruned-emaonly.safetensors,D:\AI\experiments\chinesetradscreen_sd15_lora_v1\models\chinesetradscreen_sd15_lora_v1-000009.safetensors,0.9,512,512,30,7.0,euler_a,fp16,images/B2/B2_seed6060.png
B2_seed8080,B2,8080,"chinesetradscreen, minimalist traditional Chinese folding screen, multi-panel screen, complete screen, elegant wooden frame, reduced ornament, contemporary design expression, overall view","cropped, close-up, incomplete screen, deformed structure, broken frame, duplicated structure, text, watermark, blurry, low quality",D:\AI\models\sd15\v1-5-pruned-emaonly.safetensors,D:\AI\experiments\chinesetradscreen_sd15_lora_v1\models\chinesetradscreen_sd15_lora_v1-000009.safetensors,0.9,512,512,30,7.0,euler_a,fp16,images/B2/B2_seed8080.png
B2_seed10001,B2,10001,"chinesetradscreen, minimalist traditional Chinese folding screen, multi-panel screen, complete screen, elegant wooden frame, reduced ornament, contemporary design expression, overall view","cropped, close-up, incomplete screen, deformed structure, broken frame, duplicated structure, text, watermark, blurry, low quality",D:\AI\models\sd15\v1-5-pruned-emaonly.safetensors,D:\AI\experiments\chinesetradscreen_sd15_lora_v1\models\chinesetradscreen_sd15_lora_v1-000009.safetensors,0.9,512,512,30,7.0,euler_a,fp16,images/B2/B2_seed10001.png
B2_seed13579,B2,13579,"chinesetradscreen, minimalist traditional Chinese folding screen, multi-panel screen, complete screen, elegant wooden frame, reduced ornament, contemporary design expression, overall view","cropped, close-up, incomplete screen, deformed structure, broken frame, duplicated structure, text, watermark, blurry, low quality",D:\AI\models\sd15\v1-5-pruned-emaonly.safetensors,D:\AI\experiments\chinesetradscreen_sd15_lora_v1\models\chinesetradscreen_sd15_lora_v1-000009.safetensors,0.9,512,512,30,7.0,euler_a,fp16,images/B2/B2_seed13579.png
B2_seed22222,B2,22222,"chinesetradscreen, minimalist traditional Chinese folding screen, multi-panel screen, complete screen, elegant wooden frame, reduced ornament, contemporary design expression, overall view","cropped, close-up, incomplete screen, deformed structure, broken frame, duplicated structure, text, watermark, blurry, low quality",D:\AI\models\sd15\v1-5-pruned-emaonly.safetensors,D:\AI\experiments\chinesetradscreen_sd15_lora_v1\models\chinesetradscreen_sd15_lora_v1-000009.safetensors,0.9,512,512,30,7.0,euler_a,fp16,images/B2/B2_seed22222.png
B2_seed31415,B2,31415,"chinesetradscreen, minimalist traditional Chinese folding screen, multi-panel screen, complete screen, elegant wooden frame, reduced ornament, contemporary design expression, overall view","cropped, close-up, incomplete screen, deformed structure, broken frame, duplicated structure, text, watermark, blurry, low quality",D:\AI\models\sd15\v1-5-pruned-emaonly.safetensors,D:\AI\experiments\chinesetradscreen_sd15_lora_v1\models\chinesetradscreen_sd15_lora_v1-000009.safetensors,0.9,512,512,30,7.0,euler_a,fp16,images/B2/B2_seed31415.png
B2_seed42424,B2,42424,"chinesetradscreen, minimalist traditional Chinese folding screen, multi-panel screen, complete screen, elegant wooden frame, reduced ornament, contemporary design expression, overall view","cropped, close-up, incomplete screen, deformed structure, broken frame, duplicated structure, text, watermark, blurry, low quality",D:\AI\models\sd15\v1-5-pruned-emaonly.safetensors,D:\AI\experiments\chinesetradscreen_sd15_lora_v1\models\chinesetradscreen_sd15_lora_v1-000009.safetensors,0.9,512,512,30,7.0,euler_a,fp16,images/B2/B2_seed42424.png
B2_seed54321,B2,54321,"chinesetradscreen, minimalist traditional Chinese folding screen, multi-panel screen, complete screen, elegant wooden frame, reduced ornament, contemporary design expression, overall view","cropped, close-up, incomplete screen, deformed structure, broken frame, duplicated structure, text, watermark, blurry, low quality",D:\AI\models\sd15\v1-5-pruned-emaonly.safetensors,D:\AI\experiments\chinesetradscreen_sd15_lora_v1\models\chinesetradscreen_sd15_lora_v1-000009.safetensors,0.9,512,512,30,7.0,euler_a,fp16,images/B2/B2_seed54321.png
B2_seed65000,B2,65000,"chinesetradscreen, minimalist traditional Chinese folding screen, multi-panel screen, complete screen, elegant wooden frame, reduced ornament, contemporary design expression, overall view","cropped, close-up, incomplete screen, deformed structure, broken frame, duplicated structure, text, watermark, blurry, low quality",D:\AI\models\sd15\v1-5-pruned-emaonly.safetensors,D:\AI\experiments\chinesetradscreen_sd15_lora_v1\models\chinesetradscreen_sd15_lora_v1-000009.safetensors,0.9,512,512,30,7.0,euler_a,fp16,images/B2/B2_seed65000.png
B3_seed42,B3,42,"chinesetradscreen, modern decorative folding screen inspired by traditional Chinese screen design, multi-panel screen, complete screen, simplified continuous landscape motif, balanced modern form","cropped, close-up, incomplete screen, deformed structure, broken frame, duplicated structure, text, watermark, blurry, low quality",D:\AI\models\sd15\v1-5-pruned-emaonly.safetensors,D:\AI\experiments\chinesetradscreen_sd15_lora_v1\models\chinesetradscreen_sd15_lora_v1-000009.safetensors,0.9,512,512,30,7.0,euler_a,fp16,images/B3/B3_seed42.png
B3_seed1234,B3,1234,"chinesetradscreen, modern decorative folding screen inspired by traditional Chinese screen design, multi-panel screen, complete screen, simplified continuous landscape motif, balanced modern form","cropped, close-up, incomplete screen, deformed structure, broken frame, duplicated structure, text, watermark, blurry, low quality",D:\AI\models\sd15\v1-5-pruned-emaonly.safetensors,D:\AI\experiments\chinesetradscreen_sd15_lora_v1\models\chinesetradscreen_sd15_lora_v1-000009.safetensors,0.9,512,512,30,7.0,euler_a,fp16,images/B3/B3_seed1234.png
B3_seed2026,B3,2026,"chinesetradscreen, modern decorative folding screen inspired by traditional Chinese screen design, multi-panel screen, complete screen, simplified continuous landscape motif, balanced modern form","cropped, close-up, incomplete screen, deformed structure, broken frame, duplicated structure, text, watermark, blurry, low quality",D:\AI\models\sd15\v1-5-pruned-emaonly.safetensors,D:\AI\experiments\chinesetradscreen_sd15_lora_v1\models\chinesetradscreen_sd15_lora_v1-000009.safetensors,0.9,512,512,30,7.0,euler_a,fp16,images/B3/B3_seed2026.png
B3_seed7,B3,7,"chinesetradscreen, modern decorative folding screen inspired by traditional Chinese screen design, multi-panel screen, complete screen, simplified continuous landscape motif, balanced modern form","cropped, close-up, incomplete screen, deformed structure, broken frame, duplicated structure, text, watermark, blurry, low quality",D:\AI\models\sd15\v1-5-pruned-emaonly.safetensors,D:\AI\experiments\chinesetradscreen_sd15_lora_v1\models\chinesetradscreen_sd15_lora_v1-000009.safetensors,0.9,512,512,30,7.0,euler_a,fp16,images/B3/B3_seed7.png
B3_seed77,B3,77,"chinesetradscreen, modern decorative folding screen inspired by traditional Chinese screen design, multi-panel screen, complete screen, simplified continuous landscape motif, balanced modern form","cropped, close-up, incomplete screen, deformed structure, broken frame, duplicated structure, text, watermark, blurry, low quality",D:\AI\models\sd15\v1-5-pruned-emaonly.safetensors,D:\AI\experiments\chinesetradscreen_sd15_lora_v1\models\chinesetradscreen_sd15_lora_v1-000009.safetensors,0.9,512,512,30,7.0,euler_a,fp16,images/B3/B3_seed77.png
B3_seed314,B3,314,"chinesetradscreen, modern decorative folding screen inspired by traditional Chinese screen design, multi-panel screen, complete screen, simplified continuous landscape motif, balanced modern form","cropped, close-up, incomplete screen, deformed structure, broken frame, duplicated structure, text, watermark, blurry, low quality",D:\AI\models\sd15\v1-5-pruned-emaonly.safetensors,D:\AI\experiments\chinesetradscreen_sd15_lora_v1\models\chinesetradscreen_sd15_lora_v1-000009.safetensors,0.9,512,512,30,7.0,euler_a,fp16,images/B3/B3_seed314.png
B3_seed512,B3,512,"chinesetradscreen, modern decorative folding screen inspired by traditional Chinese screen design, multi-panel screen, complete screen, simplified continuous landscape motif, balanced modern form","cropped, close-up, incomplete screen, deformed structure, broken frame, duplicated structure, text, watermark, blurry, low quality",D:\AI\models\sd15\v1-5-pruned-emaonly.safetensors,D:\AI\experiments\chinesetradscreen_sd15_lora_v1\models\chinesetradscreen_sd15_lora_v1-000009.safetensors,0.9,512,512,30,7.0,euler_a,fp16,images/B3/B3_seed512.png
B3_seed888,B3,888,"chinesetradscreen, modern decorative folding screen inspired by traditional Chinese screen design, multi-panel screen, complete screen, simplified continuous landscape motif, balanced modern form","cropped, close-up, incomplete screen, deformed structure, broken frame, duplicated structure, text, watermark, blurry, low quality",D:\AI\models\sd15\v1-5-pruned-emaonly.safetensors,D:\AI\experiments\chinesetradscreen_sd15_lora_v1\models\chinesetradscreen_sd15_lora_v1-000009.safetensors,0.9,512,512,30,7.0,euler_a,fp16,images/B3/B3_seed888.png
B3_seed1024,B3,1024,"chinesetradscreen, modern decorative folding screen inspired by traditional Chinese screen design, multi-panel screen, complete screen, simplified continuous landscape motif, balanced modern form","cropped, close-up, incomplete screen, deformed structure, broken frame, duplicated structure, text, watermark, blurry, low quality",D:\AI\models\sd15\v1-5-pruned-emaonly.safetensors,D:\AI\experiments\chinesetradscreen_sd15_lora_v1\models\chinesetradscreen_sd15_lora_v1-000009.safetensors,0.9,512,512,30,7.0,euler_a,fp16,images/B3/B3_seed1024.png
B3_seed2048,B3,2048,"chinesetradscreen, modern decorative folding screen inspired by traditional Chinese screen design, multi-panel screen, complete screen, simplified continuous landscape motif, balanced modern form","cropped, close-up, incomplete screen, deformed structure, broken frame, duplicated structure, text, watermark, blurry, low quality",D:\AI\models\sd15\v1-5-pruned-emaonly.safetensors,D:\AI\experiments\chinesetradscreen_sd15_lora_v1\models\chinesetradscreen_sd15_lora_v1-000009.safetensors,0.9,512,512,30,7.0,euler_a,fp16,images/B3/B3_seed2048.png
B3_seed4096,B3,4096,"chinesetradscreen, modern decorative folding screen inspired by traditional Chinese screen design, multi-panel screen, complete screen, simplified continuous landscape motif, balanced modern form","cropped, close-up, incomplete screen, deformed structure, broken frame, duplicated structure, text, watermark, blurry, low quality",D:\AI\models\sd15\v1-5-pruned-emaonly.safetensors,D:\AI\experiments\chinesetradscreen_sd15_lora_v1\models\chinesetradscreen_sd15_lora_v1-000009.safetensors,0.9,512,512,30,7.0,euler_a,fp16,images/B3/B3_seed4096.png
B3_seed6060,B3,6060,"chinesetradscreen, modern decorative folding screen inspired by traditional Chinese screen design, multi-panel screen, complete screen, simplified continuous landscape motif, balanced modern form","cropped, close-up, incomplete screen, deformed structure, broken frame, duplicated structure, text, watermark, blurry, low quality",D:\AI\models\sd15\v1-5-pruned-emaonly.safetensors,D:\AI\experiments\chinesetradscreen_sd15_lora_v1\models\chinesetradscreen_sd15_lora_v1-000009.safetensors,0.9,512,512,30,7.0,euler_a,fp16,images/B3/B3_seed6060.png
B3_seed8080,B3,8080,"chinesetradscreen, modern decorative folding screen inspired by traditional Chinese screen design, multi-panel screen, complete screen, simplified continuous landscape motif, balanced modern form","cropped, close-up, incomplete screen, deformed structure, broken frame, duplicated structure, text, watermark, blurry, low quality",D:\AI\models\sd15\v1-5-pruned-emaonly.safetensors,D:\AI\experiments\chinesetradscreen_sd15_lora_v1\models\chinesetradscreen_sd15_lora_v1-000009.safetensors,0.9,512,512,30,7.0,euler_a,fp16,images/B3/B3_seed8080.png
B3_seed10001,B3,10001,"chinesetradscreen, modern decorative folding screen inspired by traditional Chinese screen design, multi-panel screen, complete screen, simplified continuous landscape motif, balanced modern form","cropped, close-up, incomplete screen, deformed structure, broken frame, duplicated structure, text, watermark, blurry, low quality",D:\AI\models\sd15\v1-5-pruned-emaonly.safetensors,D:\AI\experiments\chinesetradscreen_sd15_lora_v1\models\chinesetradscreen_sd15_lora_v1-000009.safetensors,0.9,512,512,30,7.0,euler_a,fp16,images/B3/B3_seed10001.png
B3_seed13579,B3,13579,"chinesetradscreen, modern decorative folding screen inspired by traditional Chinese screen design, multi-panel screen, complete screen, simplified continuous landscape motif, balanced modern form","cropped, close-up, incomplete screen, deformed structure, broken frame, duplicated structure, text, watermark, blurry, low quality",D:\AI\models\sd15\v1-5-pruned-emaonly.safetensors,D:\AI\experiments\chinesetradscreen_sd15_lora_v1\models\chinesetradscreen_sd15_lora_v1-000009.safetensors,0.9,512,512,30,7.0,euler_a,fp16,images/B3/B3_seed13579.png
B3_seed22222,B3,22222,"chinesetradscreen, modern decorative folding screen inspired by traditional Chinese screen design, multi-panel screen, complete screen, simplified continuous landscape motif, balanced modern form","cropped, close-up, incomplete screen, deformed structure, broken frame, duplicated structure, text, watermark, blurry, low quality",D:\AI\models\sd15\v1-5-pruned-emaonly.safetensors,D:\AI\experiments\chinesetradscreen_sd15_lora_v1\models\chinesetradscreen_sd15_lora_v1-000009.safetensors,0.9,512,512,30,7.0,euler_a,fp16,images/B3/B3_seed22222.png
B3_seed31415,B3,31415,"chinesetradscreen, modern decorative folding screen inspired by traditional Chinese screen design, multi-panel screen, complete screen, simplified continuous landscape motif, balanced modern form","cropped, close-up, incomplete screen, deformed structure, broken frame, duplicated structure, text, watermark, blurry, low quality",D:\AI\models\sd15\v1-5-pruned-emaonly.safetensors,D:\AI\experiments\chinesetradscreen_sd15_lora_v1\models\chinesetradscreen_sd15_lora_v1-000009.safetensors,0.9,512,512,30,7.0,euler_a,fp16,images/B3/B3_seed31415.png
B3_seed42424,B3,42424,"chinesetradscreen, modern decorative folding screen inspired by traditional Chinese screen design, multi-panel screen, complete screen, simplified continuous landscape motif, balanced modern form","cropped, close-up, incomplete screen, deformed structure, broken frame, duplicated structure, text, watermark, blurry, low quality",D:\AI\models\sd15\v1-5-pruned-emaonly.safetensors,D:\AI\experiments\chinesetradscreen_sd15_lora_v1\models\chinesetradscreen_sd15_lora_v1-000009.safetensors,0.9,512,512,30,7.0,euler_a,fp16,images/B3/B3_seed42424.png
B3_seed54321,B3,54321,"chinesetradscreen, modern decorative folding screen inspired by traditional Chinese screen design, multi-panel screen, complete screen, simplified continuous landscape motif, balanced modern form","cropped, close-up, incomplete screen, deformed structure, broken frame, duplicated structure, text, watermark, blurry, low quality",D:\AI\models\sd15\v1-5-pruned-emaonly.safetensors,D:\AI\experiments\chinesetradscreen_sd15_lora_v1\models\chinesetradscreen_sd15_lora_v1-000009.safetensors,0.9,512,512,30,7.0,euler_a,fp16,images/B3/B3_seed54321.png
B3_seed65000,B3,65000,"chinesetradscreen, modern decorative folding screen inspired by traditional Chinese screen design, multi-panel screen, complete screen, simplified continuous landscape motif, balanced modern form","cropped, close-up, incomplete screen, deformed structure, broken frame, duplicated structure, text, watermark, blurry, low quality",D:\AI\models\sd15\v1-5-pruned-emaonly.safetensors,D:\AI\experiments\chinesetradscreen_sd15_lora_v1\models\chinesetradscreen_sd15_lora_v1-000009.safetensors,0.9,512,512,30,7.0,euler_a,fp16,images/B3/B3_seed65000.png
C1_seed42,C1,42,"chinesetradscreen, contemporary Chinese folding screen, multi-panel screen, complete screen, wooden frame, abstracted mountain-and-water motif, refined composition, overall frontal view","cropped, close-up, incomplete screen, deformed structure, broken frame, duplicated structure, text, watermark, blurry, low quality",D:\AI\models\sd15\v1-5-pruned-emaonly.safetensors,D:\AI\experiments\chinesetradscreen_sd15_lora_v1\models\chinesetradscreen_sd15_lora_v1-000009.safetensors,0.9,512,512,30,7.0,euler_a,fp16,images/C1/C1_seed42.png
C1_seed1234,C1,1234,"chinesetradscreen, contemporary Chinese folding screen, multi-panel screen, complete screen, wooden frame, abstracted mountain-and-water motif, refined composition, overall frontal view","cropped, close-up, incomplete screen, deformed structure, broken frame, duplicated structure, text, watermark, blurry, low quality",D:\AI\models\sd15\v1-5-pruned-emaonly.safetensors,D:\AI\experiments\chinesetradscreen_sd15_lora_v1\models\chinesetradscreen_sd15_lora_v1-000009.safetensors,0.9,512,512,30,7.0,euler_a,fp16,images/C1/C1_seed1234.png
C1_seed2026,C1,2026,"chinesetradscreen, contemporary Chinese folding screen, multi-panel screen, complete screen, wooden frame, abstracted mountain-and-water motif, refined composition, overall frontal view","cropped, close-up, incomplete screen, deformed structure, broken frame, duplicated structure, text, watermark, blurry, low quality",D:\AI\models\sd15\v1-5-pruned-emaonly.safetensors,D:\AI\experiments\chinesetradscreen_sd15_lora_v1\models\chinesetradscreen_sd15_lora_v1-000009.safetensors,0.9,512,512,30,7.0,euler_a,fp16,images/C1/C1_seed2026.png
C1_seed7,C1,7,"chinesetradscreen, contemporary Chinese folding screen, multi-panel screen, complete screen, wooden frame, abstracted mountain-and-water motif, refined composition, overall frontal view","cropped, close-up, incomplete screen, deformed structure, broken frame, duplicated structure, text, watermark, blurry, low quality",D:\AI\models\sd15\v1-5-pruned-emaonly.safetensors,D:\AI\experiments\chinesetradscreen_sd15_lora_v1\models\chinesetradscreen_sd15_lora_v1-000009.safetensors,0.9,512,512,30,7.0,euler_a,fp16,images/C1/C1_seed7.png
C1_seed77,C1,77,"chinesetradscreen, contemporary Chinese folding screen, multi-panel screen, complete screen, wooden frame, abstracted mountain-and-water motif, refined composition, overall frontal view","cropped, close-up, incomplete screen, deformed structure, broken frame, duplicated structure, text, watermark, blurry, low quality",D:\AI\models\sd15\v1-5-pruned-emaonly.safetensors,D:\AI\experiments\chinesetradscreen_sd15_lora_v1\models\chinesetradscreen_sd15_lora_v1-000009.safetensors,0.9,512,512,30,7.0,euler_a,fp16,images/C1/C1_seed77.png
C1_seed314,C1,314,"chinesetradscreen, contemporary Chinese folding screen, multi-panel screen, complete screen, wooden frame, abstracted mountain-and-water motif, refined composition, overall frontal view","cropped, close-up, incomplete screen, deformed structure, broken frame, duplicated structure, text, watermark, blurry, low quality",D:\AI\models\sd15\v1-5-pruned-emaonly.safetensors,D:\AI\experiments\chinesetradscreen_sd15_lora_v1\models\chinesetradscreen_sd15_lora_v1-000009.safetensors,0.9,512,512,30,7.0,euler_a,fp16,images/C1/C1_seed314.png
C1_seed512,C1,512,"chinesetradscreen, contemporary Chinese folding screen, multi-panel screen, complete screen, wooden frame, abstracted mountain-and-water motif, refined composition, overall frontal view","cropped, close-up, incomplete screen, deformed structure, broken frame, duplicated structure, text, watermark, blurry, low quality",D:\AI\models\sd15\v1-5-pruned-emaonly.safetensors,D:\AI\experiments\chinesetradscreen_sd15_lora_v1\models\chinesetradscreen_sd15_lora_v1-000009.safetensors,0.9,512,512,30,7.0,euler_a,fp16,images/C1/C1_seed512.png
C1_seed888,C1,888,"chinesetradscreen, contemporary Chinese folding screen, multi-panel screen, complete screen, wooden frame, abstracted mountain-and-water motif, refined composition, overall frontal view","cropped, close-up, incomplete screen, deformed structure, broken frame, duplicated structure, text, watermark, blurry, low quality",D:\AI\models\sd15\v1-5-pruned-emaonly.safetensors,D:\AI\experiments\chinesetradscreen_sd15_lora_v1\models\chinesetradscreen_sd15_lora_v1-000009.safetensors,0.9,512,512,30,7.0,euler_a,fp16,images/C1/C1_seed888.png
C1_seed1024,C1,1024,"chinesetradscreen, contemporary Chinese folding screen, multi-panel screen, complete screen, wooden frame, abstracted mountain-and-water motif, refined composition, overall frontal view","cropped, close-up, incomplete screen, deformed structure, broken frame, duplicated structure, text, watermark, blurry, low quality",D:\AI\models\sd15\v1-5-pruned-emaonly.safetensors,D:\AI\experiments\chinesetradscreen_sd15_lora_v1\models\chinesetradscreen_sd15_lora_v1-000009.safetensors,0.9,512,512,30,7.0,euler_a,fp16,images/C1/C1_seed1024.png
C1_seed2048,C1,2048,"chinesetradscreen, contemporary Chinese folding screen, multi-panel screen, complete screen, wooden frame, abstracted mountain-and-water motif, refined composition, overall frontal view","cropped, close-up, incomplete screen, deformed structure, broken frame, duplicated structure, text, watermark, blurry, low quality",D:\AI\models\sd15\v1-5-pruned-emaonly.safetensors,D:\AI\experiments\chinesetradscreen_sd15_lora_v1\models\chinesetradscreen_sd15_lora_v1-000009.safetensors,0.9,512,512,30,7.0,euler_a,fp16,images/C1/C1_seed2048.png
C1_seed4096,C1,4096,"chinesetradscreen, contemporary Chinese folding screen, multi-panel screen, complete screen, wooden frame, abstracted mountain-and-water motif, refined composition, overall frontal view","cropped, close-up, incomplete screen, deformed structure, broken frame, duplicated structure, text, watermark, blurry, low quality",D:\AI\models\sd15\v1-5-pruned-emaonly.safetensors,D:\AI\experiments\chinesetradscreen_sd15_lora_v1\models\chinesetradscreen_sd15_lora_v1-000009.safetensors,0.9,512,512,30,7.0,euler_a,fp16,images/C1/C1_seed4096.png
C1_seed6060,C1,6060,"chinesetradscreen, contemporary Chinese folding screen, multi-panel screen, complete screen, wooden frame, abstracted mountain-and-water motif, refined composition, overall frontal view","cropped, close-up, incomplete screen, deformed structure, broken frame, duplicated structure, text, watermark, blurry, low quality",D:\AI\models\sd15\v1-5-pruned-emaonly.safetensors,D:\AI\experiments\chinesetradscreen_sd15_lora_v1\models\chinesetradscreen_sd15_lora_v1-000009.safetensors,0.9,512,512,30,7.0,euler_a,fp16,images/C1/C1_seed6060.png
C1_seed8080,C1,8080,"chinesetradscreen, contemporary Chinese folding screen, multi-panel screen, complete screen, wooden frame, abstracted mountain-and-water motif, refined composition, overall frontal view","cropped, close-up, incomplete screen, deformed structure, broken frame, duplicated structure, text, watermark, blurry, low quality",D:\AI\models\sd15\v1-5-pruned-emaonly.safetensors,D:\AI\experiments\chinesetradscreen_sd15_lora_v1\models\chinesetradscreen_sd15_lora_v1-000009.safetensors,0.9,512,512,30,7.0,euler_a,fp16,images/C1/C1_seed8080.png
C1_seed10001,C1,10001,"chinesetradscreen, contemporary Chinese folding screen, multi-panel screen, complete screen, wooden frame, abstracted mountain-and-water motif, refined composition, overall frontal view","cropped, close-up, incomplete screen, deformed structure, broken frame, duplicated structure, text, watermark, blurry, low quality",D:\AI\models\sd15\v1-5-pruned-emaonly.safetensors,D:\AI\experiments\chinesetradscreen_sd15_lora_v1\models\chinesetradscreen_sd15_lora_v1-000009.safetensors,0.9,512,512,30,7.0,euler_a,fp16,images/C1/C1_seed10001.png
C1_seed13579,C1,13579,"chinesetradscreen, contemporary Chinese folding screen, multi-panel screen, complete screen, wooden frame, abstracted mountain-and-water motif, refined composition, overall frontal view","cropped, close-up, incomplete screen, deformed structure, broken frame, duplicated structure, text, watermark, blurry, low quality",D:\AI\models\sd15\v1-5-pruned-emaonly.safetensors,D:\AI\experiments\chinesetradscreen_sd15_lora_v1\models\chinesetradscreen_sd15_lora_v1-000009.safetensors,0.9,512,512,30,7.0,euler_a,fp16,images/C1/C1_seed13579.png
C1_seed22222,C1,22222,"chinesetradscreen, contemporary Chinese folding screen, multi-panel screen, complete screen, wooden frame, abstracted mountain-and-water motif, refined composition, overall frontal view","cropped, close-up, incomplete screen, deformed structure, broken frame, duplicated structure, text, watermark, blurry, low quality",D:\AI\models\sd15\v1-5-pruned-emaonly.safetensors,D:\AI\experiments\chinesetradscreen_sd15_lora_v1\models\chinesetradscreen_sd15_lora_v1-000009.safetensors,0.9,512,512,30,7.0,euler_a,fp16,images/C1/C1_seed22222.png
C1_seed31415,C1,31415,"chinesetradscreen, contemporary Chinese folding screen, multi-panel screen, complete screen, wooden frame, abstracted mountain-and-water motif, refined composition, overall frontal view","cropped, close-up, incomplete screen, deformed structure, broken frame, duplicated structure, text, watermark, blurry, low quality",D:\AI\models\sd15\v1-5-pruned-emaonly.safetensors,D:\AI\experiments\chinesetradscreen_sd15_lora_v1\models\chinesetradscreen_sd15_lora_v1-000009.safetensors,0.9,512,512,30,7.0,euler_a,fp16,images/C1/C1_seed31415.png
C1_seed42424,C1,42424,"chinesetradscreen, contemporary Chinese folding screen, multi-panel screen, complete screen, wooden frame, abstracted mountain-and-water motif, refined composition, overall frontal view","cropped, close-up, incomplete screen, deformed structure, broken frame, duplicated structure, text, watermark, blurry, low quality",D:\AI\models\sd15\v1-5-pruned-emaonly.safetensors,D:\AI\experiments\chinesetradscreen_sd15_lora_v1\models\chinesetradscreen_sd15_lora_v1-000009.safetensors,0.9,512,512,30,7.0,euler_a,fp16,images/C1/C1_seed42424.png
C1_seed54321,C1,54321,"chinesetradscreen, contemporary Chinese folding screen, multi-panel screen, complete screen, wooden frame, abstracted mountain-and-water motif, refined composition, overall frontal view","cropped, close-up, incomplete screen, deformed structure, broken frame, duplicated structure, text, watermark, blurry, low quality",D:\AI\models\sd15\v1-5-pruned-emaonly.safetensors,D:\AI\experiments\chinesetradscreen_sd15_lora_v1\models\chinesetradscreen_sd15_lora_v1-000009.safetensors,0.9,512,512,30,7.0,euler_a,fp16,images/C1/C1_seed54321.png
C1_seed65000,C1,65000,"chinesetradscreen, contemporary Chinese folding screen, multi-panel screen, complete screen, wooden frame, abstracted mountain-and-water motif, refined composition, overall frontal view","cropped, close-up, incomplete screen, deformed structure, broken frame, duplicated structure, text, watermark, blurry, low quality",D:\AI\models\sd15\v1-5-pruned-emaonly.safetensors,D:\AI\experiments\chinesetradscreen_sd15_lora_v1\models\chinesetradscreen_sd15_lora_v1-000009.safetensors,0.9,512,512,30,7.0,euler_a,fp16,images/C1/C1_seed65000.png
C2_seed42,C2,42,"chinesetradscreen, contemporary reinterpretation of a traditional Chinese folding screen, multi-panel screen, complete screen, geometric simplification, rhythmic panel divisions, elegant overall composition","cropped, close-up, incomplete screen, deformed structure, broken frame, duplicated structure, text, watermark, blurry, low quality",D:\AI\models\sd15\v1-5-pruned-emaonly.safetensors,D:\AI\experiments\chinesetradscreen_sd15_lora_v1\models\chinesetradscreen_sd15_lora_v1-000009.safetensors,0.9,512,512,30,7.0,euler_a,fp16,images/C2/C2_seed42.png
C2_seed1234,C2,1234,"chinesetradscreen, contemporary reinterpretation of a traditional Chinese folding screen, multi-panel screen, complete screen, geometric simplification, rhythmic panel divisions, elegant overall composition","cropped, close-up, incomplete screen, deformed structure, broken frame, duplicated structure, text, watermark, blurry, low quality",D:\AI\models\sd15\v1-5-pruned-emaonly.safetensors,D:\AI\experiments\chinesetradscreen_sd15_lora_v1\models\chinesetradscreen_sd15_lora_v1-000009.safetensors,0.9,512,512,30,7.0,euler_a,fp16,images/C2/C2_seed1234.png
C2_seed2026,C2,2026,"chinesetradscreen, contemporary reinterpretation of a traditional Chinese folding screen, multi-panel screen, complete screen, geometric simplification, rhythmic panel divisions, elegant overall composition","cropped, close-up, incomplete screen, deformed structure, broken frame, duplicated structure, text, watermark, blurry, low quality",D:\AI\models\sd15\v1-5-pruned-emaonly.safetensors,D:\AI\experiments\chinesetradscreen_sd15_lora_v1\models\chinesetradscreen_sd15_lora_v1-000009.safetensors,0.9,512,512,30,7.0,euler_a,fp16,images/C2/C2_seed2026.png
C2_seed7,C2,7,"chinesetradscreen, contemporary reinterpretation of a traditional Chinese folding screen, multi-panel screen, complete screen, geometric simplification, rhythmic panel divisions, elegant overall composition","cropped, close-up, incomplete screen, deformed structure, broken frame, duplicated structure, text, watermark, blurry, low quality",D:\AI\models\sd15\v1-5-pruned-emaonly.safetensors,D:\AI\experiments\chinesetradscreen_sd15_lora_v1\models\chinesetradscreen_sd15_lora_v1-000009.safetensors,0.9,512,512,30,7.0,euler_a,fp16,images/C2/C2_seed7.png
C2_seed77,C2,77,"chinesetradscreen, contemporary reinterpretation of a traditional Chinese folding screen, multi-panel screen, complete screen, geometric simplification, rhythmic panel divisions, elegant overall composition","cropped, close-up, incomplete screen, deformed structure, broken frame, duplicated structure, text, watermark, blurry, low quality",D:\AI\models\sd15\v1-5-pruned-emaonly.safetensors,D:\AI\experiments\chinesetradscreen_sd15_lora_v1\models\chinesetradscreen_sd15_lora_v1-000009.safetensors,0.9,512,512,30,7.0,euler_a,fp16,images/C2/C2_seed77.png
C2_seed314,C2,314,"chinesetradscreen, contemporary reinterpretation of a traditional Chinese folding screen, multi-panel screen, complete screen, geometric simplification, rhythmic panel divisions, elegant overall composition","cropped, close-up, incomplete screen, deformed structure, broken frame, duplicated structure, text, watermark, blurry, low quality",D:\AI\models\sd15\v1-5-pruned-emaonly.safetensors,D:\AI\experiments\chinesetradscreen_sd15_lora_v1\models\chinesetradscreen_sd15_lora_v1-000009.safetensors,0.9,512,512,30,7.0,euler_a,fp16,images/C2/C2_seed314.png
C2_seed512,C2,512,"chinesetradscreen, contemporary reinterpretation of a traditional Chinese folding screen, multi-panel screen, complete screen, geometric simplification, rhythmic panel divisions, elegant overall composition","cropped, close-up, incomplete screen, deformed structure, broken frame, duplicated structure, text, watermark, blurry, low quality",D:\AI\models\sd15\v1-5-pruned-emaonly.safetensors,D:\AI\experiments\chinesetradscreen_sd15_lora_v1\models\chinesetradscreen_sd15_lora_v1-000009.safetensors,0.9,512,512,30,7.0,euler_a,fp16,images/C2/C2_seed512.png
C2_seed888,C2,888,"chinesetradscreen, contemporary reinterpretation of a traditional Chinese folding screen, multi-panel screen, complete screen, geometric simplification, rhythmic panel divisions, elegant overall composition","cropped, close-up, incomplete screen, deformed structure, broken frame, duplicated structure, text, watermark, blurry, low quality",D:\AI\models\sd15\v1-5-pruned-emaonly.safetensors,D:\AI\experiments\chinesetradscreen_sd15_lora_v1\models\chinesetradscreen_sd15_lora_v1-000009.safetensors,0.9,512,512,30,7.0,euler_a,fp16,images/C2/C2_seed888.png
C2_seed1024,C2,1024,"chinesetradscreen, contemporary reinterpretation of a traditional Chinese folding screen, multi-panel screen, complete screen, geometric simplification, rhythmic panel divisions, elegant overall composition","cropped, close-up, incomplete screen, deformed structure, broken frame, duplicated structure, text, watermark, blurry, low quality",D:\AI\models\sd15\v1-5-pruned-emaonly.safetensors,D:\AI\experiments\chinesetradscreen_sd15_lora_v1\models\chinesetradscreen_sd15_lora_v1-000009.safetensors,0.9,512,512,30,7.0,euler_a,fp16,images/C2/C2_seed1024.png
C2_seed2048,C2,2048,"chinesetradscreen, contemporary reinterpretation of a traditional Chinese folding screen, multi-panel screen, complete screen, geometric simplification, rhythmic panel divisions, elegant overall composition","cropped, close-up, incomplete screen, deformed structure, broken frame, duplicated structure, text, watermark, blurry, low quality",D:\AI\models\sd15\v1-5-pruned-emaonly.safetensors,D:\AI\experiments\chinesetradscreen_sd15_lora_v1\models\chinesetradscreen_sd15_lora_v1-000009.safetensors,0.9,512,512,30,7.0,euler_a,fp16,images/C2/C2_seed2048.png
C2_seed4096,C2,4096,"chinesetradscreen, contemporary reinterpretation of a traditional Chinese folding screen, multi-panel screen, complete screen, geometric simplification, rhythmic panel divisions, elegant overall composition","cropped, close-up, incomplete screen, deformed structure, broken frame, duplicated structure, text, watermark, blurry, low quality",D:\AI\models\sd15\v1-5-pruned-emaonly.safetensors,D:\AI\experiments\chinesetradscreen_sd15_lora_v1\models\chinesetradscreen_sd15_lora_v1-000009.safetensors,0.9,512,512,30,7.0,euler_a,fp16,images/C2/C2_seed4096.png
C2_seed6060,C2,6060,"chinesetradscreen, contemporary reinterpretation of a traditional Chinese folding screen, multi-panel screen, complete screen, geometric simplification, rhythmic panel divisions, elegant overall composition","cropped, close-up, incomplete screen, deformed structure, broken frame, duplicated structure, text, watermark, blurry, low quality",D:\AI\models\sd15\v1-5-pruned-emaonly.safetensors,D:\AI\experiments\chinesetradscreen_sd15_lora_v1\models\chinesetradscreen_sd15_lora_v1-000009.safetensors,0.9,512,512,30,7.0,euler_a,fp16,images/C2/C2_seed6060.png
C2_seed8080,C2,8080,"chinesetradscreen, contemporary reinterpretation of a traditional Chinese folding screen, multi-panel screen, complete screen, geometric simplification, rhythmic panel divisions, elegant overall composition","cropped, close-up, incomplete screen, deformed structure, broken frame, duplicated structure, text, watermark, blurry, low quality",D:\AI\models\sd15\v1-5-pruned-emaonly.safetensors,D:\AI\experiments\chinesetradscreen_sd15_lora_v1\models\chinesetradscreen_sd15_lora_v1-000009.safetensors,0.9,512,512,30,7.0,euler_a,fp16,images/C2/C2_seed8080.png
C2_seed10001,C2,10001,"chinesetradscreen, contemporary reinterpretation of a traditional Chinese folding screen, multi-panel screen, complete screen, geometric simplification, rhythmic panel divisions, elegant overall composition","cropped, close-up, incomplete screen, deformed structure, broken frame, duplicated structure, text, watermark, blurry, low quality",D:\AI\models\sd15\v1-5-pruned-emaonly.safetensors,D:\AI\experiments\chinesetradscreen_sd15_lora_v1\models\chinesetradscreen_sd15_lora_v1-000009.safetensors,0.9,512,512,30,7.0,euler_a,fp16,images/C2/C2_seed10001.png
C2_seed13579,C2,13579,"chinesetradscreen, contemporary reinterpretation of a traditional Chinese folding screen, multi-panel screen, complete screen, geometric simplification, rhythmic panel divisions, elegant overall composition","cropped, close-up, incomplete screen, deformed structure, broken frame, duplicated structure, text, watermark, blurry, low quality",D:\AI\models\sd15\v1-5-pruned-emaonly.safetensors,D:\AI\experiments\chinesetradscreen_sd15_lora_v1\models\chinesetradscreen_sd15_lora_v1-000009.safetensors,0.9,512,512,30,7.0,euler_a,fp16,images/C2/C2_seed13579.png
C2_seed22222,C2,22222,"chinesetradscreen, contemporary reinterpretation of a traditional Chinese folding screen, multi-panel screen, complete screen, geometric simplification, rhythmic panel divisions, elegant overall composition","cropped, close-up, incomplete screen, deformed structure, broken frame, duplicated structure, text, watermark, blurry, low quality",D:\AI\models\sd15\v1-5-pruned-emaonly.safetensors,D:\AI\experiments\chinesetradscreen_sd15_lora_v1\models\chinesetradscreen_sd15_lora_v1-000009.safetensors,0.9,512,512,30,7.0,euler_a,fp16,images/C2/C2_seed22222.png
C2_seed31415,C2,31415,"chinesetradscreen, contemporary reinterpretation of a traditional Chinese folding screen, multi-panel screen, complete screen, geometric simplification, rhythmic panel divisions, elegant overall composition","cropped, close-up, incomplete screen, deformed structure, broken frame, duplicated structure, text, watermark, blurry, low quality",D:\AI\models\sd15\v1-5-pruned-emaonly.safetensors,D:\AI\experiments\chinesetradscreen_sd15_lora_v1\models\chinesetradscreen_sd15_lora_v1-000009.safetensors,0.9,512,512,30,7.0,euler_a,fp16,images/C2/C2_seed31415.png
C2_seed42424,C2,42424,"chinesetradscreen, contemporary reinterpretation of a traditional Chinese folding screen, multi-panel screen, complete screen, geometric simplification, rhythmic panel divisions, elegant overall composition","cropped, close-up, incomplete screen, deformed structure, broken frame, duplicated structure, text, watermark, blurry, low quality",D:\AI\models\sd15\v1-5-pruned-emaonly.safetensors,D:\AI\experiments\chinesetradscreen_sd15_lora_v1\models\chinesetradscreen_sd15_lora_v1-000009.safetensors,0.9,512,512,30,7.0,euler_a,fp16,images/C2/C2_seed42424.png
C2_seed54321,C2,54321,"chinesetradscreen, contemporary reinterpretation of a traditional Chinese folding screen, multi-panel screen, complete screen, geometric simplification, rhythmic panel divisions, elegant overall composition","cropped, close-up, incomplete screen, deformed structure, broken frame, duplicated structure, text, watermark, blurry, low quality",D:\AI\models\sd15\v1-5-pruned-emaonly.safetensors,D:\AI\experiments\chinesetradscreen_sd15_lora_v1\models\chinesetradscreen_sd15_lora_v1-000009.safetensors,0.9,512,512,30,7.0,euler_a,fp16,images/C2/C2_seed54321.png
C2_seed65000,C2,65000,"chinesetradscreen, contemporary reinterpretation of a traditional Chinese folding screen, multi-panel screen, complete screen, geometric simplification, rhythmic panel divisions, elegant overall composition","cropped, close-up, incomplete screen, deformed structure, broken frame, duplicated structure, text, watermark, blurry, low quality",D:\AI\models\sd15\v1-5-pruned-emaonly.safetensors,D:\AI\experiments\chinesetradscreen_sd15_lora_v1\models\chinesetradscreen_sd15_lora_v1-000009.safetensors,0.9,512,512,30,7.0,euler_a,fp16,images/C2/C2_seed65000.png
C3_seed42,C3,42,"chinesetradscreen, modern Chinese folding screen, multi-panel screen, complete screen, semi-abstract painted composition, elegant panel rhythm, refined decorative design","cropped, close-up, incomplete screen, deformed structure, broken frame, duplicated structure, text, watermark, blurry, low quality",D:\AI\models\sd15\v1-5-pruned-emaonly.safetensors,D:\AI\experiments\chinesetradscreen_sd15_lora_v1\models\chinesetradscreen_sd15_lora_v1-000009.safetensors,0.9,512,512,30,7.0,euler_a,fp16,images/C3/C3_seed42.png
C3_seed1234,C3,1234,"chinesetradscreen, modern Chinese folding screen, multi-panel screen, complete screen, semi-abstract painted composition, elegant panel rhythm, refined decorative design","cropped, close-up, incomplete screen, deformed structure, broken frame, duplicated structure, text, watermark, blurry, low quality",D:\AI\models\sd15\v1-5-pruned-emaonly.safetensors,D:\AI\experiments\chinesetradscreen_sd15_lora_v1\models\chinesetradscreen_sd15_lora_v1-000009.safetensors,0.9,512,512,30,7.0,euler_a,fp16,images/C3/C3_seed1234.png
C3_seed2026,C3,2026,"chinesetradscreen, modern Chinese folding screen, multi-panel screen, complete screen, semi-abstract painted composition, elegant panel rhythm, refined decorative design","cropped, close-up, incomplete screen, deformed structure, broken frame, duplicated structure, text, watermark, blurry, low quality",D:\AI\models\sd15\v1-5-pruned-emaonly.safetensors,D:\AI\experiments\chinesetradscreen_sd15_lora_v1\models\chinesetradscreen_sd15_lora_v1-000009.safetensors,0.9,512,512,30,7.0,euler_a,fp16,images/C3/C3_seed2026.png
C3_seed7,C3,7,"chinesetradscreen, modern Chinese folding screen, multi-panel screen, complete screen, semi-abstract painted composition, elegant panel rhythm, refined decorative design","cropped, close-up, incomplete screen, deformed structure, broken frame, duplicated structure, text, watermark, blurry, low quality",D:\AI\models\sd15\v1-5-pruned-emaonly.safetensors,D:\AI\experiments\chinesetradscreen_sd15_lora_v1\models\chinesetradscreen_sd15_lora_v1-000009.safetensors,0.9,512,512,30,7.0,euler_a,fp16,images/C3/C3_seed7.png
C3_seed77,C3,77,"chinesetradscreen, modern Chinese folding screen, multi-panel screen, complete screen, semi-abstract painted composition, elegant panel rhythm, refined decorative design","cropped, close-up, incomplete screen, deformed structure, broken frame, duplicated structure, text, watermark, blurry, low quality",D:\AI\models\sd15\v1-5-pruned-emaonly.safetensors,D:\AI\experiments\chinesetradscreen_sd15_lora_v1\models\chinesetradscreen_sd15_lora_v1-000009.safetensors,0.9,512,512,30,7.0,euler_a,fp16,images/C3/C3_seed77.png
C3_seed314,C3,314,"chinesetradscreen, modern Chinese folding screen, multi-panel screen, complete screen, semi-abstract painted composition, elegant panel rhythm, refined decorative design","cropped, close-up, incomplete screen, deformed structure, broken frame, duplicated structure, text, watermark, blurry, low quality",D:\AI\models\sd15\v1-5-pruned-emaonly.safetensors,D:\AI\experiments\chinesetradscreen_sd15_lora_v1\models\chinesetradscreen_sd15_lora_v1-000009.safetensors,0.9,512,512,30,7.0,euler_a,fp16,images/C3/C3_seed314.png
C3_seed512,C3,512,"chinesetradscreen, modern Chinese folding screen, multi-panel screen, complete screen, semi-abstract painted composition, elegant panel rhythm, refined decorative design","cropped, close-up, incomplete screen, deformed structure, broken frame, duplicated structure, text, watermark, blurry, low quality",D:\AI\models\sd15\v1-5-pruned-emaonly.safetensors,D:\AI\experiments\chinesetradscreen_sd15_lora_v1\models\chinesetradscreen_sd15_lora_v1-000009.safetensors,0.9,512,512,30,7.0,euler_a,fp16,images/C3/C3_seed512.png
C3_seed888,C3,888,"chinesetradscreen, modern Chinese folding screen, multi-panel screen, complete screen, semi-abstract painted composition, elegant panel rhythm, refined decorative design","cropped, close-up, incomplete screen, deformed structure, broken frame, duplicated structure, text, watermark, blurry, low quality",D:\AI\models\sd15\v1-5-pruned-emaonly.safetensors,D:\AI\experiments\chinesetradscreen_sd15_lora_v1\models\chinesetradscreen_sd15_lora_v1-000009.safetensors,0.9,512,512,30,7.0,euler_a,fp16,images/C3/C3_seed888.png
C3_seed1024,C3,1024,"chinesetradscreen, modern Chinese folding screen, multi-panel screen, complete screen, semi-abstract painted composition, elegant panel rhythm, refined decorative design","cropped, close-up, incomplete screen, deformed structure, broken frame, duplicated structure, text, watermark, blurry, low quality",D:\AI\models\sd15\v1-5-pruned-emaonly.safetensors,D:\AI\experiments\chinesetradscreen_sd15_lora_v1\models\chinesetradscreen_sd15_lora_v1-000009.safetensors,0.9,512,512,30,7.0,euler_a,fp16,images/C3/C3_seed1024.png
C3_seed2048,C3,2048,"chinesetradscreen, modern Chinese folding screen, multi-panel screen, complete screen, semi-abstract painted composition, elegant panel rhythm, refined decorative design","cropped, close-up, incomplete screen, deformed structure, broken frame, duplicated structure, text, watermark, blurry, low quality",D:\AI\models\sd15\v1-5-pruned-emaonly.safetensors,D:\AI\experiments\chinesetradscreen_sd15_lora_v1\models\chinesetradscreen_sd15_lora_v1-000009.safetensors,0.9,512,512,30,7.0,euler_a,fp16,images/C3/C3_seed2048.png
C3_seed4096,C3,4096,"chinesetradscreen, modern Chinese folding screen, multi-panel screen, complete screen, semi-abstract painted composition, elegant panel rhythm, refined decorative design","cropped, close-up, incomplete screen, deformed structure, broken frame, duplicated structure, text, watermark, blurry, low quality",D:\AI\models\sd15\v1-5-pruned-emaonly.safetensors,D:\AI\experiments\chinesetradscreen_sd15_lora_v1\models\chinesetradscreen_sd15_lora_v1-000009.safetensors,0.9,512,512,30,7.0,euler_a,fp16,images/C3/C3_seed4096.png
C3_seed6060,C3,6060,"chinesetradscreen, modern Chinese folding screen, multi-panel screen, complete screen, semi-abstract painted composition, elegant panel rhythm, refined decorative design","cropped, close-up, incomplete screen, deformed structure, broken frame, duplicated structure, text, watermark, blurry, low quality",D:\AI\models\sd15\v1-5-pruned-emaonly.safetensors,D:\AI\experiments\chinesetradscreen_sd15_lora_v1\models\chinesetradscreen_sd15_lora_v1-000009.safetensors,0.9,512,512,30,7.0,euler_a,fp16,images/C3/C3_seed6060.png
C3_seed8080,C3,8080,"chinesetradscreen, modern Chinese folding screen, multi-panel screen, complete screen, semi-abstract painted composition, elegant panel rhythm, refined decorative design","cropped, close-up, incomplete screen, deformed structure, broken frame, duplicated structure, text, watermark, blurry, low quality",D:\AI\models\sd15\v1-5-pruned-emaonly.safetensors,D:\AI\experiments\chinesetradscreen_sd15_lora_v1\models\chinesetradscreen_sd15_lora_v1-000009.safetensors,0.9,512,512,30,7.0,euler_a,fp16,images/C3/C3_seed8080.png
C3_seed10001,C3,10001,"chinesetradscreen, modern Chinese folding screen, multi-panel screen, complete screen, semi-abstract painted composition, elegant panel rhythm, refined decorative design","cropped, close-up, incomplete screen, deformed structure, broken frame, duplicated structure, text, watermark, blurry, low quality",D:\AI\models\sd15\v1-5-pruned-emaonly.safetensors,D:\AI\experiments\chinesetradscreen_sd15_lora_v1\models\chinesetradscreen_sd15_lora_v1-000009.safetensors,0.9,512,512,30,7.0,euler_a,fp16,images/C3/C3_seed10001.png
C3_seed13579,C3,13579,"chinesetradscreen, modern Chinese folding screen, multi-panel screen, complete screen, semi-abstract painted composition, elegant panel rhythm, refined decorative design","cropped, close-up, incomplete screen, deformed structure, broken frame, duplicated structure, text, watermark, blurry, low quality",D:\AI\models\sd15\v1-5-pruned-emaonly.safetensors,D:\AI\experiments\chinesetradscreen_sd15_lora_v1\models\chinesetradscreen_sd15_lora_v1-000009.safetensors,0.9,512,512,30,7.0,euler_a,fp16,images/C3/C3_seed13579.png
C3_seed22222,C3,22222,"chinesetradscreen, modern Chinese folding screen, multi-panel screen, complete screen, semi-abstract painted composition, elegant panel rhythm, refined decorative design","cropped, close-up, incomplete screen, deformed structure, broken frame, duplicated structure, text, watermark, blurry, low quality",D:\AI\models\sd15\v1-5-pruned-emaonly.safetensors,D:\AI\experiments\chinesetradscreen_sd15_lora_v1\models\chinesetradscreen_sd15_lora_v1-000009.safetensors,0.9,512,512,30,7.0,euler_a,fp16,images/C3/C3_seed22222.png
C3_seed31415,C3,31415,"chinesetradscreen, modern Chinese folding screen, multi-panel screen, complete screen, semi-abstract painted composition, elegant panel rhythm, refined decorative design","cropped, close-up, incomplete screen, deformed structure, broken frame, duplicated structure, text, watermark, blurry, low quality",D:\AI\models\sd15\v1-5-pruned-emaonly.safetensors,D:\AI\experiments\chinesetradscreen_sd15_lora_v1\models\chinesetradscreen_sd15_lora_v1-000009.safetensors,0.9,512,512,30,7.0,euler_a,fp16,images/C3/C3_seed31415.png
C3_seed42424,C3,42424,"chinesetradscreen, modern Chinese folding screen, multi-panel screen, complete screen, semi-abstract painted composition, elegant panel rhythm, refined decorative design","cropped, close-up, incomplete screen, deformed structure, broken frame, duplicated structure, text, watermark, blurry, low quality",D:\AI\models\sd15\v1-5-pruned-emaonly.safetensors,D:\AI\experiments\chinesetradscreen_sd15_lora_v1\models\chinesetradscreen_sd15_lora_v1-000009.safetensors,0.9,512,512,30,7.0,euler_a,fp16,images/C3/C3_seed42424.png
C3_seed54321,C3,54321,"chinesetradscreen, modern Chinese folding screen, multi-panel screen, complete screen, semi-abstract painted composition, elegant panel rhythm, refined decorative design","cropped, close-up, incomplete screen, deformed structure, broken frame, duplicated structure, text, watermark, blurry, low quality",D:\AI\models\sd15\v1-5-pruned-emaonly.safetensors,D:\AI\experiments\chinesetradscreen_sd15_lora_v1\models\chinesetradscreen_sd15_lora_v1-000009.safetensors,0.9,512,512,30,7.0,euler_a,fp16,images/C3/C3_seed54321.png
C3_seed65000,C3,65000,"chinesetradscreen, modern Chinese folding screen, multi-panel screen, complete screen, semi-abstract painted composition, elegant panel rhythm, refined decorative design","cropped, close-up, incomplete screen, deformed structure, broken frame, duplicated structure, text, watermark, blurry, low quality",D:\AI\models\sd15\v1-5-pruned-emaonly.safetensors,D:\AI\experiments\chinesetradscreen_sd15_lora_v1\models\chinesetradscreen_sd15_lora_v1-000009.safetensors,0.9,512,512,30,7.0,euler_a,fp16,images/C3/C3_seed65000.png
D1_seed42,D1,42,"chinesetradscreen, contemporary folding screen design, multi-panel screen, complete screen, wooden frame, standing in a contemporary interior, elegant presentation, three-quarter angled view","cropped, close-up, incomplete screen, deformed structure, broken frame, duplicated structure, text, watermark, blurry, low quality",D:\AI\models\sd15\v1-5-pruned-emaonly.safetensors,D:\AI\experiments\chinesetradscreen_sd15_lora_v1\models\chinesetradscreen_sd15_lora_v1-000009.safetensors,0.9,512,512,30,7.0,euler_a,fp16,images/D1/D1_seed42.png
D1_seed1234,D1,1234,"chinesetradscreen, contemporary folding screen design, multi-panel screen, complete screen, wooden frame, standing in a contemporary interior, elegant presentation, three-quarter angled view","cropped, close-up, incomplete screen, deformed structure, broken frame, duplicated structure, text, watermark, blurry, low quality",D:\AI\models\sd15\v1-5-pruned-emaonly.safetensors,D:\AI\experiments\chinesetradscreen_sd15_lora_v1\models\chinesetradscreen_sd15_lora_v1-000009.safetensors,0.9,512,512,30,7.0,euler_a,fp16,images/D1/D1_seed1234.png
D1_seed2026,D1,2026,"chinesetradscreen, contemporary folding screen design, multi-panel screen, complete screen, wooden frame, standing in a contemporary interior, elegant presentation, three-quarter angled view","cropped, close-up, incomplete screen, deformed structure, broken frame, duplicated structure, text, watermark, blurry, low quality",D:\AI\models\sd15\v1-5-pruned-emaonly.safetensors,D:\AI\experiments\chinesetradscreen_sd15_lora_v1\models\chinesetradscreen_sd15_lora_v1-000009.safetensors,0.9,512,512,30,7.0,euler_a,fp16,images/D1/D1_seed2026.png
D1_seed7,D1,7,"chinesetradscreen, contemporary folding screen design, multi-panel screen, complete screen, wooden frame, standing in a contemporary interior, elegant presentation, three-quarter angled view","cropped, close-up, incomplete screen, deformed structure, broken frame, duplicated structure, text, watermark, blurry, low quality",D:\AI\models\sd15\v1-5-pruned-emaonly.safetensors,D:\AI\experiments\chinesetradscreen_sd15_lora_v1\models\chinesetradscreen_sd15_lora_v1-000009.safetensors,0.9,512,512,30,7.0,euler_a,fp16,images/D1/D1_seed7.png
D1_seed77,D1,77,"chinesetradscreen, contemporary folding screen design, multi-panel screen, complete screen, wooden frame, standing in a contemporary interior, elegant presentation, three-quarter angled view","cropped, close-up, incomplete screen, deformed structure, broken frame, duplicated structure, text, watermark, blurry, low quality",D:\AI\models\sd15\v1-5-pruned-emaonly.safetensors,D:\AI\experiments\chinesetradscreen_sd15_lora_v1\models\chinesetradscreen_sd15_lora_v1-000009.safetensors,0.9,512,512,30,7.0,euler_a,fp16,images/D1/D1_seed77.png
D1_seed314,D1,314,"chinesetradscreen, contemporary folding screen design, multi-panel screen, complete screen, wooden frame, standing in a contemporary interior, elegant presentation, three-quarter angled view","cropped, close-up, incomplete screen, deformed structure, broken frame, duplicated structure, text, watermark, blurry, low quality",D:\AI\models\sd15\v1-5-pruned-emaonly.safetensors,D:\AI\experiments\chinesetradscreen_sd15_lora_v1\models\chinesetradscreen_sd15_lora_v1-000009.safetensors,0.9,512,512,30,7.0,euler_a,fp16,images/D1/D1_seed314.png
D1_seed512,D1,512,"chinesetradscreen, contemporary folding screen design, multi-panel screen, complete screen, wooden frame, standing in a contemporary interior, elegant presentation, three-quarter angled view","cropped, close-up, incomplete screen, deformed structure, broken frame, duplicated structure, text, watermark, blurry, low quality",D:\AI\models\sd15\v1-5-pruned-emaonly.safetensors,D:\AI\experiments\chinesetradscreen_sd15_lora_v1\models\chinesetradscreen_sd15_lora_v1-000009.safetensors,0.9,512,512,30,7.0,euler_a,fp16,images/D1/D1_seed512.png
D1_seed888,D1,888,"chinesetradscreen, contemporary folding screen design, multi-panel screen, complete screen, wooden frame, standing in a contemporary interior, elegant presentation, three-quarter angled view","cropped, close-up, incomplete screen, deformed structure, broken frame, duplicated structure, text, watermark, blurry, low quality",D:\AI\models\sd15\v1-5-pruned-emaonly.safetensors,D:\AI\experiments\chinesetradscreen_sd15_lora_v1\models\chinesetradscreen_sd15_lora_v1-000009.safetensors,0.9,512,512,30,7.0,euler_a,fp16,images/D1/D1_seed888.png
D1_seed1024,D1,1024,"chinesetradscreen, contemporary folding screen design, multi-panel screen, complete screen, wooden frame, standing in a contemporary interior, elegant presentation, three-quarter angled view","cropped, close-up, incomplete screen, deformed structure, broken frame, duplicated structure, text, watermark, blurry, low quality",D:\AI\models\sd15\v1-5-pruned-emaonly.safetensors,D:\AI\experiments\chinesetradscreen_sd15_lora_v1\models\chinesetradscreen_sd15_lora_v1-000009.safetensors,0.9,512,512,30,7.0,euler_a,fp16,images/D1/D1_seed1024.png
D1_seed2048,D1,2048,"chinesetradscreen, contemporary folding screen design, multi-panel screen, complete screen, wooden frame, standing in a contemporary interior, elegant presentation, three-quarter angled view","cropped, close-up, incomplete screen, deformed structure, broken frame, duplicated structure, text, watermark, blurry, low quality",D:\AI\models\sd15\v1-5-pruned-emaonly.safetensors,D:\AI\experiments\chinesetradscreen_sd15_lora_v1\models\chinesetradscreen_sd15_lora_v1-000009.safetensors,0.9,512,512,30,7.0,euler_a,fp16,images/D1/D1_seed2048.png
D1_seed4096,D1,4096,"chinesetradscreen, contemporary folding screen design, multi-panel screen, complete screen, wooden frame, standing in a contemporary interior, elegant presentation, three-quarter angled view","cropped, close-up, incomplete screen, deformed structure, broken frame, duplicated structure, text, watermark, blurry, low quality",D:\AI\models\sd15\v1-5-pruned-emaonly.safetensors,D:\AI\experiments\chinesetradscreen_sd15_lora_v1\models\chinesetradscreen_sd15_lora_v1-000009.safetensors,0.9,512,512,30,7.0,euler_a,fp16,images/D1/D1_seed4096.png
D1_seed6060,D1,6060,"chinesetradscreen, contemporary folding screen design, multi-panel screen, complete screen, wooden frame, standing in a contemporary interior, elegant presentation, three-quarter angled view","cropped, close-up, incomplete screen, deformed structure, broken frame, duplicated structure, text, watermark, blurry, low quality",D:\AI\models\sd15\v1-5-pruned-emaonly.safetensors,D:\AI\experiments\chinesetradscreen_sd15_lora_v1\models\chinesetradscreen_sd15_lora_v1-000009.safetensors,0.9,512,512,30,7.0,euler_a,fp16,images/D1/D1_seed6060.png
D1_seed8080,D1,8080,"chinesetradscreen, contemporary folding screen design, multi-panel screen, complete screen, wooden frame, standing in a contemporary interior, elegant presentation, three-quarter angled view","cropped, close-up, incomplete screen, deformed structure, broken frame, duplicated structure, text, watermark, blurry, low quality",D:\AI\models\sd15\v1-5-pruned-emaonly.safetensors,D:\AI\experiments\chinesetradscreen_sd15_lora_v1\models\chinesetradscreen_sd15_lora_v1-000009.safetensors,0.9,512,512,30,7.0,euler_a,fp16,images/D1/D1_seed8080.png
D1_seed10001,D1,10001,"chinesetradscreen, contemporary folding screen design, multi-panel screen, complete screen, wooden frame, standing in a contemporary interior, elegant presentation, three-quarter angled view","cropped, close-up, incomplete screen, deformed structure, broken frame, duplicated structure, text, watermark, blurry, low quality",D:\AI\models\sd15\v1-5-pruned-emaonly.safetensors,D:\AI\experiments\chinesetradscreen_sd15_lora_v1\models\chinesetradscreen_sd15_lora_v1-000009.safetensors,0.9,512,512,30,7.0,euler_a,fp16,images/D1/D1_seed10001.png
D1_seed13579,D1,13579,"chinesetradscreen, contemporary folding screen design, multi-panel screen, complete screen, wooden frame, standing in a contemporary interior, elegant presentation, three-quarter angled view","cropped, close-up, incomplete screen, deformed structure, broken frame, duplicated structure, text, watermark, blurry, low quality",D:\AI\models\sd15\v1-5-pruned-emaonly.safetensors,D:\AI\experiments\chinesetradscreen_sd15_lora_v1\models\chinesetradscreen_sd15_lora_v1-000009.safetensors,0.9,512,512,30,7.0,euler_a,fp16,images/D1/D1_seed13579.png
D1_seed22222,D1,22222,"chinesetradscreen, contemporary folding screen design, multi-panel screen, complete screen, wooden frame, standing in a contemporary interior, elegant presentation, three-quarter angled view","cropped, close-up, incomplete screen, deformed structure, broken frame, duplicated structure, text, watermark, blurry, low quality",D:\AI\models\sd15\v1-5-pruned-emaonly.safetensors,D:\AI\experiments\chinesetradscreen_sd15_lora_v1\models\chinesetradscreen_sd15_lora_v1-000009.safetensors,0.9,512,512,30,7.0,euler_a,fp16,images/D1/D1_seed22222.png
D1_seed31415,D1,31415,"chinesetradscreen, contemporary folding screen design, multi-panel screen, complete screen, wooden frame, standing in a contemporary interior, elegant presentation, three-quarter angled view","cropped, close-up, incomplete screen, deformed structure, broken frame, duplicated structure, text, watermark, blurry, low quality",D:\AI\models\sd15\v1-5-pruned-emaonly.safetensors,D:\AI\experiments\chinesetradscreen_sd15_lora_v1\models\chinesetradscreen_sd15_lora_v1-000009.safetensors,0.9,512,512,30,7.0,euler_a,fp16,images/D1/D1_seed31415.png
D1_seed42424,D1,42424,"chinesetradscreen, contemporary folding screen design, multi-panel screen, complete screen, wooden frame, standing in a contemporary interior, elegant presentation, three-quarter angled view","cropped, close-up, incomplete screen, deformed structure, broken frame, duplicated structure, text, watermark, blurry, low quality",D:\AI\models\sd15\v1-5-pruned-emaonly.safetensors,D:\AI\experiments\chinesetradscreen_sd15_lora_v1\models\chinesetradscreen_sd15_lora_v1-000009.safetensors,0.9,512,512,30,7.0,euler_a,fp16,images/D1/D1_seed42424.png
D1_seed54321,D1,54321,"chinesetradscreen, contemporary folding screen design, multi-panel screen, complete screen, wooden frame, standing in a contemporary interior, elegant presentation, three-quarter angled view","cropped, close-up, incomplete screen, deformed structure, broken frame, duplicated structure, text, watermark, blurry, low quality",D:\AI\models\sd15\v1-5-pruned-emaonly.safetensors,D:\AI\experiments\chinesetradscreen_sd15_lora_v1\models\chinesetradscreen_sd15_lora_v1-000009.safetensors,0.9,512,512,30,7.0,euler_a,fp16,images/D1/D1_seed54321.png
D1_seed65000,D1,65000,"chinesetradscreen, contemporary folding screen design, multi-panel screen, complete screen, wooden frame, standing in a contemporary interior, elegant presentation, three-quarter angled view","cropped, close-up, incomplete screen, deformed structure, broken frame, duplicated structure, text, watermark, blurry, low quality",D:\AI\models\sd15\v1-5-pruned-emaonly.safetensors,D:\AI\experiments\chinesetradscreen_sd15_lora_v1\models\chinesetradscreen_sd15_lora_v1-000009.safetensors,0.9,512,512,30,7.0,euler_a,fp16,images/D1/D1_seed65000.png
D2_seed42,D2,42,"chinesetradscreen, decorative partition screen inspired by traditional Chinese folding screen, multi-panel structure, complete screen, modern interior setting, refined overall composition","cropped, close-up, incomplete screen, deformed structure, broken frame, duplicated structure, text, watermark, blurry, low quality",D:\AI\models\sd15\v1-5-pruned-emaonly.safetensors,D:\AI\experiments\chinesetradscreen_sd15_lora_v1\models\chinesetradscreen_sd15_lora_v1-000009.safetensors,0.9,512,512,30,7.0,euler_a,fp16,images/D2/D2_seed42.png
D2_seed1234,D2,1234,"chinesetradscreen, decorative partition screen inspired by traditional Chinese folding screen, multi-panel structure, complete screen, modern interior setting, refined overall composition","cropped, close-up, incomplete screen, deformed structure, broken frame, duplicated structure, text, watermark, blurry, low quality",D:\AI\models\sd15\v1-5-pruned-emaonly.safetensors,D:\AI\experiments\chinesetradscreen_sd15_lora_v1\models\chinesetradscreen_sd15_lora_v1-000009.safetensors,0.9,512,512,30,7.0,euler_a,fp16,images/D2/D2_seed1234.png
D2_seed2026,D2,2026,"chinesetradscreen, decorative partition screen inspired by traditional Chinese folding screen, multi-panel structure, complete screen, modern interior setting, refined overall composition","cropped, close-up, incomplete screen, deformed structure, broken frame, duplicated structure, text, watermark, blurry, low quality",D:\AI\models\sd15\v1-5-pruned-emaonly.safetensors,D:\AI\experiments\chinesetradscreen_sd15_lora_v1\models\chinesetradscreen_sd15_lora_v1-000009.safetensors,0.9,512,512,30,7.0,euler_a,fp16,images/D2/D2_seed2026.png
D2_seed7,D2,7,"chinesetradscreen, decorative partition screen inspired by traditional Chinese folding screen, multi-panel structure, complete screen, modern interior setting, refined overall composition","cropped, close-up, incomplete screen, deformed structure, broken frame, duplicated structure, text, watermark, blurry, low quality",D:\AI\models\sd15\v1-5-pruned-emaonly.safetensors,D:\AI\experiments\chinesetradscreen_sd15_lora_v1\models\chinesetradscreen_sd15_lora_v1-000009.safetensors,0.9,512,512,30,7.0,euler_a,fp16,images/D2/D2_seed7.png
D2_seed77,D2,77,"chinesetradscreen, decorative partition screen inspired by traditional Chinese folding screen, multi-panel structure, complete screen, modern interior setting, refined overall composition","cropped, close-up, incomplete screen, deformed structure, broken frame, duplicated structure, text, watermark, blurry, low quality",D:\AI\models\sd15\v1-5-pruned-emaonly.safetensors,D:\AI\experiments\chinesetradscreen_sd15_lora_v1\models\chinesetradscreen_sd15_lora_v1-000009.safetensors,0.9,512,512,30,7.0,euler_a,fp16,images/D2/D2_seed77.png
D2_seed314,D2,314,"chinesetradscreen, decorative partition screen inspired by traditional Chinese folding screen, multi-panel structure, complete screen, modern interior setting, refined overall composition","cropped, close-up, incomplete screen, deformed structure, broken frame, duplicated structure, text, watermark, blurry, low quality",D:\AI\models\sd15\v1-5-pruned-emaonly.safetensors,D:\AI\experiments\chinesetradscreen_sd15_lora_v1\models\chinesetradscreen_sd15_lora_v1-000009.safetensors,0.9,512,512,30,7.0,euler_a,fp16,images/D2/D2_seed314.png
D2_seed512,D2,512,"chinesetradscreen, decorative partition screen inspired by traditional Chinese folding screen, multi-panel structure, complete screen, modern interior setting, refined overall composition","cropped, close-up, incomplete screen, deformed structure, broken frame, duplicated structure, text, watermark, blurry, low quality",D:\AI\models\sd15\v1-5-pruned-emaonly.safetensors,D:\AI\experiments\chinesetradscreen_sd15_lora_v1\models\chinesetradscreen_sd15_lora_v1-000009.safetensors,0.9,512,512,30,7.0,euler_a,fp16,images/D2/D2_seed512.png
D2_seed888,D2,888,"chinesetradscreen, decorative partition screen inspired by traditional Chinese folding screen, multi-panel structure, complete screen, modern interior setting, refined overall composition","cropped, close-up, incomplete screen, deformed structure, broken frame, duplicated structure, text, watermark, blurry, low quality",D:\AI\models\sd15\v1-5-pruned-emaonly.safetensors,D:\AI\experiments\chinesetradscreen_sd15_lora_v1\models\chinesetradscreen_sd15_lora_v1-000009.safetensors,0.9,512,512,30,7.0,euler_a,fp16,images/D2/D2_seed888.png
D2_seed1024,D2,1024,"chinesetradscreen, decorative partition screen inspired by traditional Chinese folding screen, multi-panel structure, complete screen, modern interior setting, refined overall composition","cropped, close-up, incomplete screen, deformed structure, broken frame, duplicated structure, text, watermark, blurry, low quality",D:\AI\models\sd15\v1-5-pruned-emaonly.safetensors,D:\AI\experiments\chinesetradscreen_sd15_lora_v1\models\chinesetradscreen_sd15_lora_v1-000009.safetensors,0.9,512,512,30,7.0,euler_a,fp16,images/D2/D2_seed1024.png
D2_seed2048,D2,2048,"chinesetradscreen, decorative partition screen inspired by traditional Chinese folding screen, multi-panel structure, complete screen, modern interior setting, refined overall composition","cropped, close-up, incomplete screen, deformed structure, broken frame, duplicated structure, text, watermark, blurry, low quality",D:\AI\models\sd15\v1-5-pruned-emaonly.safetensors,D:\AI\experiments\chinesetradscreen_sd15_lora_v1\models\chinesetradscreen_sd15_lora_v1-000009.safetensors,0.9,512,512,30,7.0,euler_a,fp16,images/D2/D2_seed2048.png
D2_seed4096,D2,4096,"chinesetradscreen, decorative partition screen inspired by traditional Chinese folding screen, multi-panel structure, complete screen, modern interior setting, refined overall composition","cropped, close-up, incomplete screen, deformed structure, broken frame, duplicated structure, text, watermark, blurry, low quality",D:\AI\models\sd15\v1-5-pruned-emaonly.safetensors,D:\AI\experiments\chinesetradscreen_sd15_lora_v1\models\chinesetradscreen_sd15_lora_v1-000009.safetensors,0.9,512,512,30,7.0,euler_a,fp16,images/D2/D2_seed4096.png
D2_seed6060,D2,6060,"chinesetradscreen, decorative partition screen inspired by traditional Chinese folding screen, multi-panel structure, complete screen, modern interior setting, refined overall composition","cropped, close-up, incomplete screen, deformed structure, broken frame, duplicated structure, text, watermark, blurry, low quality",D:\AI\models\sd15\v1-5-pruned-emaonly.safetensors,D:\AI\experiments\chinesetradscreen_sd15_lora_v1\models\chinesetradscreen_sd15_lora_v1-000009.safetensors,0.9,512,512,30,7.0,euler_a,fp16,images/D2/D2_seed6060.png
D2_seed8080,D2,8080,"chinesetradscreen, decorative partition screen inspired by traditional Chinese folding screen, multi-panel structure, complete screen, modern interior setting, refined overall composition","cropped, close-up, incomplete screen, deformed structure, broken frame, duplicated structure, text, watermark, blurry, low quality",D:\AI\models\sd15\v1-5-pruned-emaonly.safetensors,D:\AI\experiments\chinesetradscreen_sd15_lora_v1\models\chinesetradscreen_sd15_lora_v1-000009.safetensors,0.9,512,512,30,7.0,euler_a,fp16,images/D2/D2_seed8080.png
D2_seed10001,D2,10001,"chinesetradscreen, decorative partition screen inspired by traditional Chinese folding screen, multi-panel structure, complete screen, modern interior setting, refined overall composition","cropped, close-up, incomplete screen, deformed structure, broken frame, duplicated structure, text, watermark, blurry, low quality",D:\AI\models\sd15\v1-5-pruned-emaonly.safetensors,D:\AI\experiments\chinesetradscreen_sd15_lora_v1\models\chinesetradscreen_sd15_lora_v1-000009.safetensors,0.9,512,512,30,7.0,euler_a,fp16,images/D2/D2_seed10001.png
D2_seed13579,D2,13579,"chinesetradscreen, decorative partition screen inspired by traditional Chinese folding screen, multi-panel structure, complete screen, modern interior setting, refined overall composition","cropped, close-up, incomplete screen, deformed structure, broken frame, duplicated structure, text, watermark, blurry, low quality",D:\AI\models\sd15\v1-5-pruned-emaonly.safetensors,D:\AI\experiments\chinesetradscreen_sd15_lora_v1\models\chinesetradscreen_sd15_lora_v1-000009.safetensors,0.9,512,512,30,7.0,euler_a,fp16,images/D2/D2_seed13579.png
D2_seed22222,D2,22222,"chinesetradscreen, decorative partition screen inspired by traditional Chinese folding screen, multi-panel structure, complete screen, modern interior setting, refined overall composition","cropped, close-up, incomplete screen, deformed structure, broken frame, duplicated structure, text, watermark, blurry, low quality",D:\AI\models\sd15\v1-5-pruned-emaonly.safetensors,D:\AI\experiments\chinesetradscreen_sd15_lora_v1\models\chinesetradscreen_sd15_lora_v1-000009.safetensors,0.9,512,512,30,7.0,euler_a,fp16,images/D2/D2_seed22222.png
D2_seed31415,D2,31415,"chinesetradscreen, decorative partition screen inspired by traditional Chinese folding screen, multi-panel structure, complete screen, modern interior setting, refined overall composition","cropped, close-up, incomplete screen, deformed structure, broken frame, duplicated structure, text, watermark, blurry, low quality",D:\AI\models\sd15\v1-5-pruned-emaonly.safetensors,D:\AI\experiments\chinesetradscreen_sd15_lora_v1\models\chinesetradscreen_sd15_lora_v1-000009.safetensors,0.9,512,512,30,7.0,euler_a,fp16,images/D2/D2_seed31415.png
D2_seed42424,D2,42424,"chinesetradscreen, decorative partition screen inspired by traditional Chinese folding screen, multi-panel structure, complete screen, modern interior setting, refined overall composition","cropped, close-up, incomplete screen, deformed structure, broken frame, duplicated structure, text, watermark, blurry, low quality",D:\AI\models\sd15\v1-5-pruned-emaonly.safetensors,D:\AI\experiments\chinesetradscreen_sd15_lora_v1\models\chinesetradscreen_sd15_lora_v1-000009.safetensors,0.9,512,512,30,7.0,euler_a,fp16,images/D2/D2_seed42424.png
D2_seed54321,D2,54321,"chinesetradscreen, decorative partition screen inspired by traditional Chinese folding screen, multi-panel structure, complete screen, modern interior setting, refined overall composition","cropped, close-up, incomplete screen, deformed structure, broken frame, duplicated structure, text, watermark, blurry, low quality",D:\AI\models\sd15\v1-5-pruned-emaonly.safetensors,D:\AI\experiments\chinesetradscreen_sd15_lora_v1\models\chinesetradscreen_sd15_lora_v1-000009.safetensors,0.9,512,512,30,7.0,euler_a,fp16,images/D2/D2_seed54321.png
D2_seed65000,D2,65000,"chinesetradscreen, decorative partition screen inspired by traditional Chinese folding screen, multi-panel structure, complete screen, modern interior setting, refined overall composition","cropped, close-up, incomplete screen, deformed structure, broken frame, duplicated structure, text, watermark, blurry, low quality",D:\AI\models\sd15\v1-5-pruned-emaonly.safetensors,D:\AI\experiments\chinesetradscreen_sd15_lora_v1\models\chinesetradscreen_sd15_lora_v1-000009.safetensors,0.9,512,512,30,7.0,euler_a,fp16,images/D2/D2_seed65000.png
D3_seed42,D3,42,"chinesetradscreen, modern interior divider inspired by traditional Chinese folding screen, multi-panel screen, complete screen, Chinese traditional visual language, refined contemporary design, angled view","cropped, close-up, incomplete screen, deformed structure, broken frame, duplicated structure, text, watermark, blurry, low quality",D:\AI\models\sd15\v1-5-pruned-emaonly.safetensors,D:\AI\experiments\chinesetradscreen_sd15_lora_v1\models\chinesetradscreen_sd15_lora_v1-000009.safetensors,0.9,512,512,30,7.0,euler_a,fp16,images/D3/D3_seed42.png
D3_seed1234,D3,1234,"chinesetradscreen, modern interior divider inspired by traditional Chinese folding screen, multi-panel screen, complete screen, Chinese traditional visual language, refined contemporary design, angled view","cropped, close-up, incomplete screen, deformed structure, broken frame, duplicated structure, text, watermark, blurry, low quality",D:\AI\models\sd15\v1-5-pruned-emaonly.safetensors,D:\AI\experiments\chinesetradscreen_sd15_lora_v1\models\chinesetradscreen_sd15_lora_v1-000009.safetensors,0.9,512,512,30,7.0,euler_a,fp16,images/D3/D3_seed1234.png
D3_seed2026,D3,2026,"chinesetradscreen, modern interior divider inspired by traditional Chinese folding screen, multi-panel screen, complete screen, Chinese traditional visual language, refined contemporary design, angled view","cropped, close-up, incomplete screen, deformed structure, broken frame, duplicated structure, text, watermark, blurry, low quality",D:\AI\models\sd15\v1-5-pruned-emaonly.safetensors,D:\AI\experiments\chinesetradscreen_sd15_lora_v1\models\chinesetradscreen_sd15_lora_v1-000009.safetensors,0.9,512,512,30,7.0,euler_a,fp16,images/D3/D3_seed2026.png
D3_seed7,D3,7,"chinesetradscreen, modern interior divider inspired by traditional Chinese folding screen, multi-panel screen, complete screen, Chinese traditional visual language, refined contemporary design, angled view","cropped, close-up, incomplete screen, deformed structure, broken frame, duplicated structure, text, watermark, blurry, low quality",D:\AI\models\sd15\v1-5-pruned-emaonly.safetensors,D:\AI\experiments\chinesetradscreen_sd15_lora_v1\models\chinesetradscreen_sd15_lora_v1-000009.safetensors,0.9,512,512,30,7.0,euler_a,fp16,images/D3/D3_seed7.png
D3_seed77,D3,77,"chinesetradscreen, modern interior divider inspired by traditional Chinese folding screen, multi-panel screen, complete screen, Chinese traditional visual language, refined contemporary design, angled view","cropped, close-up, incomplete screen, deformed structure, broken frame, duplicated structure, text, watermark, blurry, low quality",D:\AI\models\sd15\v1-5-pruned-emaonly.safetensors,D:\AI\experiments\chinesetradscreen_sd15_lora_v1\models\chinesetradscreen_sd15_lora_v1-000009.safetensors,0.9,512,512,30,7.0,euler_a,fp16,images/D3/D3_seed77.png
D3_seed314,D3,314,"chinesetradscreen, modern interior divider inspired by traditional Chinese folding screen, multi-panel screen, complete screen, Chinese traditional visual language, refined contemporary design, angled view","cropped, close-up, incomplete screen, deformed structure, broken frame, duplicated structure, text, watermark, blurry, low quality",D:\AI\models\sd15\v1-5-pruned-emaonly.safetensors,D:\AI\experiments\chinesetradscreen_sd15_lora_v1\models\chinesetradscreen_sd15_lora_v1-000009.safetensors,0.9,512,512,30,7.0,euler_a,fp16,images/D3/D3_seed314.png
D3_seed512,D3,512,"chinesetradscreen, modern interior divider inspired by traditional Chinese folding screen, multi-panel screen, complete screen, Chinese traditional visual language, refined contemporary design, angled view","cropped, close-up, incomplete screen, deformed structure, broken frame, duplicated structure, text, watermark, blurry, low quality",D:\AI\models\sd15\v1-5-pruned-emaonly.safetensors,D:\AI\experiments\chinesetradscreen_sd15_lora_v1\models\chinesetradscreen_sd15_lora_v1-000009.safetensors,0.9,512,512,30,7.0,euler_a,fp16,images/D3/D3_seed512.png
D3_seed888,D3,888,"chinesetradscreen, modern interior divider inspired by traditional Chinese folding screen, multi-panel screen, complete screen, Chinese traditional visual language, refined contemporary design, angled view","cropped, close-up, incomplete screen, deformed structure, broken frame, duplicated structure, text, watermark, blurry, low quality",D:\AI\models\sd15\v1-5-pruned-emaonly.safetensors,D:\AI\experiments\chinesetradscreen_sd15_lora_v1\models\chinesetradscreen_sd15_lora_v1-000009.safetensors,0.9,512,512,30,7.0,euler_a,fp16,images/D3/D3_seed888.png
D3_seed1024,D3,1024,"chinesetradscreen, modern interior divider inspired by traditional Chinese folding screen, multi-panel screen, complete screen, Chinese traditional visual language, refined contemporary design, angled view","cropped, close-up, incomplete screen, deformed structure, broken frame, duplicated structure, text, watermark, blurry, low quality",D:\AI\models\sd15\v1-5-pruned-emaonly.safetensors,D:\AI\experiments\chinesetradscreen_sd15_lora_v1\models\chinesetradscreen_sd15_lora_v1-000009.safetensors,0.9,512,512,30,7.0,euler_a,fp16,images/D3/D3_seed1024.png
D3_seed2048,D3,2048,"chinesetradscreen, modern interior divider inspired by traditional Chinese folding screen, multi-panel screen, complete screen, Chinese traditional visual language, refined contemporary design, angled view","cropped, close-up, incomplete screen, deformed structure, broken frame, duplicated structure, text, watermark, blurry, low quality",D:\AI\models\sd15\v1-5-pruned-emaonly.safetensors,D:\AI\experiments\chinesetradscreen_sd15_lora_v1\models\chinesetradscreen_sd15_lora_v1-000009.safetensors,0.9,512,512,30,7.0,euler_a,fp16,images/D3/D3_seed2048.png
D3_seed4096,D3,4096,"chinesetradscreen, modern interior divider inspired by traditional Chinese folding screen, multi-panel screen, complete screen, Chinese traditional visual language, refined contemporary design, angled view","cropped, close-up, incomplete screen, deformed structure, broken frame, duplicated structure, text, watermark, blurry, low quality",D:\AI\models\sd15\v1-5-pruned-emaonly.safetensors,D:\AI\experiments\chinesetradscreen_sd15_lora_v1\models\chinesetradscreen_sd15_lora_v1-000009.safetensors,0.9,512,512,30,7.0,euler_a,fp16,images/D3/D3_seed4096.png
D3_seed6060,D3,6060,"chinesetradscreen, modern interior divider inspired by traditional Chinese folding screen, multi-panel screen, complete screen, Chinese traditional visual language, refined contemporary design, angled view","cropped, close-up, incomplete screen, deformed structure, broken frame, duplicated structure, text, watermark, blurry, low quality",D:\AI\models\sd15\v1-5-pruned-emaonly.safetensors,D:\AI\experiments\chinesetradscreen_sd15_lora_v1\models\chinesetradscreen_sd15_lora_v1-000009.safetensors,0.9,512,512,30,7.0,euler_a,fp16,images/D3/D3_seed6060.png
D3_seed8080,D3,8080,"chinesetradscreen, modern interior divider inspired by traditional Chinese folding screen, multi-panel screen, complete screen, Chinese traditional visual language, refined contemporary design, angled view","cropped, close-up, incomplete screen, deformed structure, broken frame, duplicated structure, text, watermark, blurry, low quality",D:\AI\models\sd15\v1-5-pruned-emaonly.safetensors,D:\AI\experiments\chinesetradscreen_sd15_lora_v1\models\chinesetradscreen_sd15_lora_v1-000009.safetensors,0.9,512,512,30,7.0,euler_a,fp16,images/D3/D3_seed8080.png
D3_seed10001,D3,10001,"chinesetradscreen, modern interior divider inspired by traditional Chinese folding screen, multi-panel screen, complete screen, Chinese traditional visual language, refined contemporary design, angled view","cropped, close-up, incomplete screen, deformed structure, broken frame, duplicated structure, text, watermark, blurry, low quality",D:\AI\models\sd15\v1-5-pruned-emaonly.safetensors,D:\AI\experiments\chinesetradscreen_sd15_lora_v1\models\chinesetradscreen_sd15_lora_v1-000009.safetensors,0.9,512,512,30,7.0,euler_a,fp16,images/D3/D3_seed10001.png
D3_seed13579,D3,13579,"chinesetradscreen, modern interior divider inspired by traditional Chinese folding screen, multi-panel screen, complete screen, Chinese traditional visual language, refined contemporary design, angled view","cropped, close-up, incomplete screen, deformed structure, broken frame, duplicated structure, text, watermark, blurry, low quality",D:\AI\models\sd15\v1-5-pruned-emaonly.safetensors,D:\AI\experiments\chinesetradscreen_sd15_lora_v1\models\chinesetradscreen_sd15_lora_v1-000009.safetensors,0.9,512,512,30,7.0,euler_a,fp16,images/D3/D3_seed13579.png
D3_seed22222,D3,22222,"chinesetradscreen, modern interior divider inspired by traditional Chinese folding screen, multi-panel screen, complete screen, Chinese traditional visual language, refined contemporary design, angled view","cropped, close-up, incomplete screen, deformed structure, broken frame, duplicated structure, text, watermark, blurry, low quality",D:\AI\models\sd15\v1-5-pruned-emaonly.safetensors,D:\AI\experiments\chinesetradscreen_sd15_lora_v1\models\chinesetradscreen_sd15_lora_v1-000009.safetensors,0.9,512,512,30,7.0,euler_a,fp16,images/D3/D3_seed22222.png
D3_seed31415,D3,31415,"chinesetradscreen, modern interior divider inspired by traditional Chinese folding screen, multi-panel screen, complete screen, Chinese traditional visual language, refined contemporary design, angled view","cropped, close-up, incomplete screen, deformed structure, broken frame, duplicated structure, text, watermark, blurry, low quality",D:\AI\models\sd15\v1-5-pruned-emaonly.safetensors,D:\AI\experiments\chinesetradscreen_sd15_lora_v1\models\chinesetradscreen_sd15_lora_v1-000009.safetensors,0.9,512,512,30,7.0,euler_a,fp16,images/D3/D3_seed31415.png
D3_seed42424,D3,42424,"chinesetradscreen, modern interior divider inspired by traditional Chinese folding screen, multi-panel screen, complete screen, Chinese traditional visual language, refined contemporary design, angled view","cropped, close-up, incomplete screen, deformed structure, broken frame, duplicated structure, text, watermark, blurry, low quality",D:\AI\models\sd15\v1-5-pruned-emaonly.safetensors,D:\AI\experiments\chinesetradscreen_sd15_lora_v1\models\chinesetradscreen_sd15_lora_v1-000009.safetensors,0.9,512,512,30,7.0,euler_a,fp16,images/D3/D3_seed42424.png
D3_seed54321,D3,54321,"chinesetradscreen, modern interior divider inspired by traditional Chinese folding screen, multi-panel screen, complete screen, Chinese traditional visual language, refined contemporary design, angled view","cropped, close-up, incomplete screen, deformed structure, broken frame, duplicated structure, text, watermark, blurry, low quality",D:\AI\models\sd15\v1-5-pruned-emaonly.safetensors,D:\AI\experiments\chinesetradscreen_sd15_lora_v1\models\chinesetradscreen_sd15_lora_v1-000009.safetensors,0.9,512,512,30,7.0,euler_a,fp16,images/D3/D3_seed54321.png
D3_seed65000,D3,65000,"chinesetradscreen, modern interior divider inspired by traditional Chinese folding screen, multi-panel screen, complete screen, Chinese traditional visual language, refined contemporary design, angled view","cropped, close-up, incomplete screen, deformed structure, broken frame, duplicated structure, text, watermark, blurry, low quality",D:\AI\models\sd15\v1-5-pruned-emaonly.safetensors,D:\AI\experiments\chinesetradscreen_sd15_lora_v1\models\chinesetradscreen_sd15_lora_v1-000009.safetensors,0.9,512,512,30,7.0,euler_a,fp16,images/D3/D3_seed65000.png
